"Prey_OS_ID","Prey_Detail_Code","CommonName_DB","pred.name","PreyWt","Prey_Count","length.range","prey.name","other.prey"
6967,81,"HYPERID AMPHIPOD","Greenland halibut",0.3,NA,"21-25","other","other"
9998,NA,"EMPTY","Greenland halibut",NA,NA,"16-20","other","other"
6967,81,"HYPERID AMPHIPOD","Greenland halibut",0.286,NA,"16-20","other","other"
6967,81,"HYPERID AMPHIPOD","Greenland halibut",0.091,NA,"16-20","other","other"
6967,81,"HYPERID AMPHIPOD","Greenland halibut",0.079,NA,"16-20","other","other"
6967,81,"HYPERID AMPHIPOD","Greenland halibut",0.076,NA,"11-15","other","other"
8020,81,"SHRIMP/SHRIMP SAMPLE","Greenland halibut",3.196,NA,"36-40","other","other"
8020,81,"SHRIMP/SHRIMP SAMPLE","Greenland halibut",1.769,NA,"26-30","other","other"
4950,81,"POLYCHAETE","Greenland halibut",0.455,NA,"26-30","other","other"
8530,81,"BRITTLE STAR","Greenland halibut",1.019,NA,"31-35","other","other"
8290,81,"SEA CUCUMBER","Greenland halibut",0.661,NA,"31-35","other","other"
8020,81,"SHRIMP/SHRIMP SAMPLE","Greenland halibut",7.452,NA,"31-35","other","other"
8112,NA,"SHRIMP","Greenland halibut",6.115,1,"31-35","montagui","Shrimp"
8112,NA,"SHRIMP","Greenland halibut",3.235,1,"31-35","montagui","Shrimp"
8112,NA,"SHRIMP","Greenland halibut",2.69,1,"26-30","montagui","Shrimp"
999,81,"UNIDENTIFIED FISH","Greenland halibut",0.143,NA,"26-30","other","other"
999,88,"UNIDENTIFIED FISH","Greenland halibut",0,NA,"26-30","other","other"
999,88,"UNIDENTIFIED FISH","Greenland halibut",0,NA,"26-30","other","other"
8020,81,"SHRIMP/SHRIMP SAMPLE","Greenland halibut",1.476,NA,"26-30","other","other"
10763,NA,"Anemone","Greenland halibut",2.786,1,"26-30","other","other"
6967,81,"HYPERID AMPHIPOD","Greenland halibut",0.009,NA,"26-30","other","other"
8112,NA,"SHRIMP","Greenland halibut",2.972,1,"26-30","montagui","Shrimp"
8112,NA,"SHRIMP","Greenland halibut",2.185,1,"26-30","montagui","Shrimp"
6967,NA,"HYPERID AMPHIPOD","Greenland halibut",0.025,1,"21-25","other","other"
6000,81,"CRUSTACEAN","Greenland halibut",0.632,NA,"21-25","other","other"
6000,81,"CRUSTACEAN","Skate",4.398,NA,"41-45","other","other"
8093,81,"SHRIMP","Skate",1.131,NA,"41-45","other","other"
8178,NA,"HERMIT CRAB","Skate",1.432,1,"41-45","other","other"
8020,NA,"SHRIMP/SHRIMP SAMPLE","Greenland halibut",3.561,1,"31-35","other","other"
8020,81,"SHRIMP/SHRIMP SAMPLE","Greenland halibut",1.643,NA,"21-25","other","other"
8112,NA,"SHRIMP","Greenland halibut",0.934,1,"21-25","montagui","Shrimp"
8112,NA,"SHRIMP","Greenland halibut",2.404,2,"21-25","montagui","Shrimp"
717,88,"DAUBED SHANNY","Greenland halibut",6.787,1,"31-35","other","other"
8020,NA,"SHRIMP/SHRIMP SAMPLE","Greenland halibut",7.787,1,"31-35","other","other"
8112,NA,"SHRIMP","Greenland halibut",1.545,1,"16-20","montagui","Shrimp"
8020,81,"SHRIMP/SHRIMP SAMPLE","Greenland halibut",1.475,NA,"16-20","other","other"
9998,NA,"EMPTY","Greenland halibut",NA,NA,"16-20","other","other"
9998,NA,"EMPTY","Greenland halibut",NA,NA,"21-25","other","other"
9998,NA,"EMPTY","Greenland halibut",NA,NA,"21-25","other","other"
9998,NA,"EMPTY","Greenland halibut",NA,NA,"26-30","other","other"
999,88,"UNIDENTIFIED FISH","Greenland halibut",3.25,1,"26-30","other","other"
8138,NA,"SHRIMP","Greenland halibut",6.553,1,"31-35","other","other"
999,88,"UNIDENTIFIED FISH","Greenland halibut",0,NA,"31-35","other","other"
999,88,"UNIDENTIFIED FISH","Greenland halibut",0,NA,"31-35","other","other"
9998,NA,"EMPTY","Greenland halibut",NA,NA,"21-25","other","other"
6930,81,"AMPHIPOD","Greenland halibut",0.285,NA,"11-15","other","other"
4950,81,"POLYCHAETE","Greenland halibut",0.628,NA,"11-15","other","other"
451,88,"ARCTIC COD","Greenland halibut",13.925,1,"36-40","other","other"
7967,NA,"MYSID","Greenland halibut",0.122,1,"11-15","other","other"
9998,NA,"EMPTY","Greenland halibut",NA,NA,"11-15","other","other"
6967,NA,"HYPERID AMPHIPOD","Greenland halibut",0.038,1,"11-15","other","other"
8085,NA,"SHRIMP","Skate",2.623,1,"41-45","other","other"
8085,NA,"SHRIMP","Skate",6.59,2,"41-45","other","other"
8020,81,"SHRIMP/SHRIMP SAMPLE","Skate",12.265,NA,"41-45","other","other"
999,81,"UNIDENTIFIED FISH","Skate",3.084,NA,"41-45","other","other"
999,88,"UNIDENTIFIED FISH","Skate",0,NA,"41-45","other","other"
10560,81,"MYSID","Skate",0.442,NA,"41-45","other","other"
6000,81,"CRUSTACEAN","Skate",11.02,NA,"41-45","other","other"
8020,81,"SHRIMP/SHRIMP SAMPLE","Skate",9.855,NA,"26-30","other","other"
8020,81,"SHRIMP/SHRIMP SAMPLE","Skate",7.128,NA,"36-40","other","other"
9998,NA,"EMPTY","Skate",NA,NA,"41-45","other","other"
9998,NA,"EMPTY","Skate",NA,NA,"51-55","other","other"
9998,NA,"EMPTY","Greenland halibut",NA,NA,"11-15","other","other"
9998,NA,"EMPTY","Greenland halibut",NA,NA,"11-15","other","other"
999,81,"UNIDENTIFIED FISH","Greenland halibut",0.184,NA,"71-75","other","other"
9980,NA,"UNIDENTIFIED MATERIAL","Greenland halibut",0.182,NA,"71-75","Unidentified material","other"
999,88,"UNIDENTIFIED FISH","Greenland halibut",0,NA,"71-75","other","other"
999,88,"UNIDENTIFIED FISH","Greenland halibut",0,NA,"71-75","other","other"
9998,NA,"EMPTY","Greenland halibut",NA,NA,"71-75","other","other"
272,88,"LANTERNFISHES","Greenland halibut",5.983,1,"66-70","other","other"
999,81,"UNIDENTIFIED FISH","Greenland halibut",11.124,NA,"66-70","other","other"
451,88,"ARCTIC COD","Greenland halibut",0,NA,"66-70","other","other"
451,88,"ARCTIC COD","Greenland halibut",0,NA,"66-70","other","other"
9980,NA,"UNIDENTIFIED MATERIAL","Greenland halibut",15.982,NA,"66-70","Unidentified material","other"
10016,NA,"GAMMARID AMPHIPOD","Greenland halibut",1.276,1,"66-70","other","other"
8020,81,"SHRIMP/SHRIMP SAMPLE","Greenland halibut",0.558,NA,"66-70","other","other"
9980,NA,"UNIDENTIFIED MATERIAL","Greenland halibut",1.707,NA,"66-70","Unidentified material","other"
9998,NA,"EMPTY","Greenland halibut",NA,NA,"76-80","other","other"
9998,NA,"EMPTY","Greenland halibut",NA,NA,"66-70","other","other"
9998,NA,"EMPTY","Greenland halibut",NA,NA,"61-65","other","other"
8112,NA,"SHRIMP","Greenland halibut",6.959,2,"66-70","montagui","Shrimp"
8020,81,"SHRIMP/SHRIMP SAMPLE","Greenland halibut",0.937,NA,"61-65","other","other"
9998,NA,"EMPTY","Greenland halibut",NA,NA,"61-65","other","other"
999,81,"UNIDENTIFIED FISH","Greenland halibut",4.668,NA,"61-65","other","other"
8110,81,"SHRIMP","Greenland halibut",4.597,NA,"61-65","Pandalus","Shrimp"
8020,81,"SHRIMP/SHRIMP SAMPLE","Greenland halibut",2.712,NA,"61-65","other","other"
8112,81,"SHRIMP","Greenland halibut",0.301,NA,"61-65","montagui","Shrimp"
436,88,"GADOIDS","Greenland halibut",0,NA,"61-65","other","other"
9998,NA,"EMPTY","Greenland halibut",NA,NA,"61-65","other","other"
8112,NA,"SHRIMP","Greenland halibut",28.428,1,"56-60","montagui","Shrimp"
8112,NA,"SHRIMP","Greenland halibut",19.87,1,"56-60","montagui","Shrimp"
9998,NA,"EMPTY","Greenland halibut",NA,NA,"56-60","other","other"
999,81,"UNIDENTIFIED FISH","Greenland halibut",2.088,NA,"51-55","other","other"
436,88,"GADOIDS","Greenland halibut",0,NA,"51-55","other","other"
9998,NA,"EMPTY","Greenland halibut",NA,NA,"51-55","other","other"
6000,81,"CRUSTACEAN","Greenland halibut",0.418,NA,"51-55","other","other"
9980,NA,"UNIDENTIFIED MATERIAL","Greenland halibut",1.026,NA,"51-55","Unidentified material","other"
9998,NA,"EMPTY","Greenland halibut",NA,NA,"46-50","other","other"
9998,NA,"EMPTY","Greenland halibut",NA,NA,"46-50","other","other"
9998,NA,"EMPTY","Greenland halibut",NA,NA,"46-50","other","other"
4769,NA,"SQUID","Greenland halibut",17.137,1,"41-45","other","other"
8020,81,"SHRIMP/SHRIMP SAMPLE","Greenland halibut",5.606,NA,"41-45","other","other"
6000,81,"CRUSTACEAN","Greenland halibut",0.345,NA,"41-45","other","other"
9980,NA,"UNIDENTIFIED MATERIAL","Greenland halibut",3.557,NA,"41-45","Unidentified material","other"
9998,NA,"EMPTY","Greenland halibut",NA,NA,"41-45","other","other"
8020,81,"SHRIMP/SHRIMP SAMPLE","Greenland halibut",4.495,NA,"36-40","other","other"
9998,NA,"EMPTY","Greenland halibut",NA,NA,"36-40","other","other"
9980,NA,"UNIDENTIFIED MATERIAL","Greenland halibut",1.607,NA,"36-40","Unidentified material","other"
9998,NA,"EMPTY","Greenland halibut",NA,NA,"31-35","other","other"
999,81,"UNIDENTIFIED FISH","Greenland halibut",0.183,NA,"31-35","other","other"
451,88,"ARCTIC COD","Greenland halibut",0,NA,"31-35","other","other"
451,88,"ARCTIC COD","Greenland halibut",0,NA,"31-35","other","other"
6000,81,"CRUSTACEAN","Greenland halibut",0.029,NA,"31-35","other","other"
9998,NA,"EMPTY","Greenland halibut",NA,NA,"31-35","other","other"
6967,81,"HYPERID AMPHIPOD","Greenland halibut",0.09,NA,"21-25","other","other"
9980,NA,"UNIDENTIFIED MATERIAL","Greenland halibut",0.156,NA,"21-25","Unidentified material","other"
9998,NA,"EMPTY","Greenland halibut",NA,NA,"21-25","other","other"
6930,81,"AMPHIPOD","Greenland halibut",0.215,NA,"21-25","other","other"
9980,NA,"UNIDENTIFIED MATERIAL","Greenland halibut",0.689,NA,"16-20","Unidentified material","other"
6930,NA,"AMPHIPOD","Greenland halibut",0.847,1,"16-20","other","other"
6000,81,"CRUSTACEAN","Redfish",0.008,NA,"11-15","other","other"
7933,NA,"MYSID","Redfish",0.64,2,"21-25","other","other"
7935,NA,"MYSID","Redfish",2.645,4,"21-25","other","other"
9998,NA,"EMPTY","Greenland halibut",NA,NA,"11-15","other","other"
6967,81,"HYPERID AMPHIPOD","Greenland halibut",0.277,NA,"11-15","other","other"
9998,NA,"EMPTY","Greenland halibut",NA,NA,"11-15","other","other"
4950,81,"POLYCHAETE","Greenland halibut",0.039,NA,"16-20","other","other"
9998,NA,"EMPTY","Greenland halibut",NA,NA,"21-25","other","other"
7933,NA,"MYSID","Greenland halibut",0.25,1,"21-25","other","other"
999,81,"UNIDENTIFIED FISH","Greenland halibut",7.486,NA,"21-25","other","other"
999,88,"UNIDENTIFIED FISH","Greenland halibut",0,NA,"21-25","other","other"
9998,NA,"EMPTY","Greenland halibut",NA,NA,"21-25","other","other"
8020,81,"SHRIMP/SHRIMP SAMPLE","Greenland halibut",0.818,NA,"26-30","other","other"
6967,81,"HYPERID AMPHIPOD","Greenland halibut",0.067,NA,"26-30","other","other"
853,88,"SEASNAILS","Greenland halibut",3.317,1,"26-30","other","other"
999,88,"UNIDENTIFIED FISH","Greenland halibut",0,NA,"26-30","other","other"
8020,81,"SHRIMP/SHRIMP SAMPLE","Greenland halibut",0.998,NA,"26-30","other","other"
9998,NA,"EMPTY","Greenland halibut",NA,NA,"31-35","other","other"
8020,81,"SHRIMP/SHRIMP SAMPLE","Greenland halibut",1.833,NA,"31-35","other","other"
999,81,"UNIDENTIFIED FISH","Greenland halibut",2.381,NA,"31-35","other","other"
999,88,"UNIDENTIFIED FISH","Greenland halibut",0,NA,"31-35","other","other"
999,88,"UNIDENTIFIED FISH","Greenland halibut",0,NA,"31-35","other","other"
6000,81,"CRUSTACEAN","Greenland halibut",0.005,NA,"36-40","other","other"
999,90,"UNIDENTIFIED FISH","Greenland halibut",0.102,NA,"36-40","other","other"
999,88,"UNIDENTIFIED FISH","Greenland halibut",0,NA,"36-40","other","other"
9980,NA,"UNIDENTIFIED MATERIAL","Greenland halibut",3.609,NA,"36-40","Unidentified material","other"
9998,NA,"EMPTY","Greenland halibut",NA,NA,"36-40","other","other"
9980,NA,"UNIDENTIFIED MATERIAL","Greenland halibut",1.503,NA,"36-40","Unidentified material","other"
9998,NA,"EMPTY","Greenland halibut",NA,NA,"41-45","other","other"
7935,NA,"MYSID","Greenland halibut",0.733,1,"41-45","other","other"
9998,NA,"EMPTY","Greenland halibut",NA,NA,"41-45","other","other"
6000,81,"CRUSTACEAN","Greenland halibut",0.01,NA,"46-50","other","other"
7935,NA,"MYSID","Greenland halibut",0.399,1,"46-50","other","other"
999,81,"UNIDENTIFIED FISH","Greenland halibut",3.849,NA,"46-50","other","other"
436,88,"GADOIDS","Greenland halibut",0,NA,"46-50","other","other"
436,88,"GADOIDS","Greenland halibut",0,NA,"46-50","other","other"
9980,NA,"UNIDENTIFIED MATERIAL","Greenland halibut",8.059,NA,"46-50","Unidentified material","other"
7935,NA,"MYSID","Greenland halibut",0.765,1,"46-50","other","other"
999,81,"UNIDENTIFIED FISH","Greenland halibut",1.121,NA,"46-50","other","other"
6000,81,"CRUSTACEAN","Greenland halibut",0.136,NA,"46-50","other","other"
6930,81,"AMPHIPOD","Greenland halibut",17.463,NA,"46-50","other","other"
7933,81,"MYSID","Greenland halibut",0.19,NA,"46-50","other","other"
7935,NA,"MYSID","Greenland halibut",1.02,1,"46-50","other","other"
999,81,"UNIDENTIFIED FISH","Greenland halibut",10.641,NA,"51-55","other","other"
999,88,"UNIDENTIFIED FISH","Greenland halibut",0,NA,"51-55","other","other"
999,88,"UNIDENTIFIED FISH","Greenland halibut",0,NA,"51-55","other","other"
6080,81,"COPEPOD","Greenland halibut",0.099,NA,"51-55","other","other"
8020,NA,"SHRIMP/SHRIMP SAMPLE","Greenland halibut",8.03,1,"51-55","other","other"
9998,NA,"EMPTY","Greenland halibut",NA,NA,"56-60","other","other"
8112,NA,"SHRIMP","Greenland halibut",7.054,1,"56-60","montagui","Shrimp"
892,88,"GREENLAND HALIBUT, TURBOT","Greenland halibut",11.135,1,"56-60","other","other"
859,88,"GELATINOUS SEASNAIL","Greenland halibut",1.699,1,"56-60","other","other"
859,88,"GELATINOUS SEASNAIL","Greenland halibut",4.661,1,"56-60","other","other"
8112,NA,"SHRIMP","Greenland halibut",3.248,1,"56-60","montagui","Shrimp"
7935,NA,"MYSID","Greenland halibut",0.544,1,"56-60","other","other"
8112,NA,"SHRIMP","Greenland halibut",9.261,2,"61-65","montagui","Shrimp"
859,88,"GELATINOUS SEASNAIL","Greenland halibut",15.738,1,"51-55","other","other"
8112,NA,"SHRIMP","Greenland halibut",10.382,2,"51-55","montagui","Shrimp"
9998,NA,"EMPTY","Redfish",NA,NA,"26-30","other","other"
9998,NA,"EMPTY","Redfish",NA,NA,"26-30","other","other"
9998,NA,"EMPTY","Redfish",NA,NA,"21-25","other","other"
9998,NA,"EMPTY","Redfish",NA,NA,"26-30","other","other"
8196,NA,"SPINY CRAB","Skate",59.555,2,"46-50","other","other"
6996,NA,"GAMMARID AMPHIPOD","Skate",0.319,1,"46-50","other","other"
999,81,"UNIDENTIFIED FISH","Skate",3.381,NA,"46-50","other","other"
999,88,"UNIDENTIFIED FISH","Skate",0,NA,"46-50","other","other"
9998,NA,"EMPTY","Skate",NA,NA,"46-50","other","other"
6967,NA,"HYPERID AMPHIPOD","Greenland halibut",0.075,2,"11-15","other","other"
6967,81,"HYPERID AMPHIPOD","Greenland halibut",0.195,NA,"11-15","other","other"
6967,NA,"HYPERID AMPHIPOD","Greenland halibut",0.133,7,"11-15","other","other"
6967,81,"HYPERID AMPHIPOD","Greenland halibut",0.164,NA,"11-15","other","other"
6967,81,"HYPERID AMPHIPOD","Greenland halibut",0.057,NA,"11-15","other","other"
9998,NA,"EMPTY","Greenland halibut",NA,NA,"16-20","other","other"
6967,NA,"HYPERID AMPHIPOD","Greenland halibut",0.072,1,"21-25","other","other"
8111,NA,"SHRIMP","Greenland halibut",5.839,1,"36-40","borealis","Shrimp"
9998,NA,"EMPTY","Redfish",NA,NA,"26-30","other","other"
9998,NA,"EMPTY","Greenland halibut",NA,NA,"31-35","other","other"
9998,NA,"EMPTY","Greenland halibut",NA,NA,"31-35","other","other"
8020,81,"SHRIMP/SHRIMP SAMPLE","Greenland halibut",0.242,NA,"31-35","other","other"
9980,NA,"UNIDENTIFIED MATERIAL","Greenland halibut",0.278,NA,"31-35","Unidentified material","other"
9998,NA,"EMPTY","Greenland halibut",NA,NA,"36-40","other","other"
290,88,"GLACIER LANTERNFISH","Greenland halibut",4.21,1,"36-40","other","other"
9998,NA,"EMPTY","Greenland halibut",NA,NA,"36-40","other","other"
999,81,"UNIDENTIFIED FISH","Greenland halibut",8.666,NA,"41-45","other","other"
9998,NA,"EMPTY","Greenland halibut",NA,NA,"41-45","other","other"
9998,NA,"EMPTY","Greenland halibut",NA,NA,"41-45","other","other"
6000,81,"CRUSTACEAN","Skate",1.26,NA,"36-40","other","other"
8111,NA,"SHRIMP","Atlantic cod",21.621,2,"46-50","borealis","Shrimp"
8110,NA,"SHRIMP","Atlantic cod",12.619,4,"46-50","Pandalus","Shrimp"
9998,NA,"EMPTY","Redfish",NA,NA,"21-25","other","other"
6967,81,"HYPERID AMPHIPOD","Redfish",0.03,NA,"21-25","other","other"
7933,81,"MYSID","Redfish",0.589,NA,"21-25","other","other"
6000,81,"CRUSTACEAN","Redfish",0.495,NA,"21-25","other","other"
9998,NA,"EMPTY","Redfish",NA,NA,"21-25","other","other"
9998,NA,"EMPTY","Redfish",NA,NA,"16-20","other","other"
9998,NA,"EMPTY","Greenland halibut",NA,NA,"46-50","other","other"
8111,NA,"SHRIMP","Greenland halibut",16.007,2,"41-45","borealis","Shrimp"
8111,NA,"SHRIMP","Greenland halibut",6.31,1,"41-45","borealis","Shrimp"
9998,NA,"EMPTY","Greenland halibut",NA,NA,"41-45","other","other"
9998,NA,"EMPTY","Greenland halibut",NA,NA,"41-45","other","other"
9998,NA,"EMPTY","Greenland halibut",NA,NA,"36-40","other","other"
9998,NA,"EMPTY","Greenland halibut",NA,NA,"36-40","other","other"
8111,NA,"SHRIMP","Greenland halibut",7.164,1,"36-40","borealis","Shrimp"
8111,NA,"SHRIMP","Greenland halibut",10.701,2,"36-40","borealis","Shrimp"
9980,NA,"UNIDENTIFIED MATERIAL","Greenland halibut",0.259,NA,"31-35","Unidentified material","other"
9998,NA,"EMPTY","Greenland halibut",NA,NA,"31-35","other","other"
9998,NA,"EMPTY","Greenland halibut",NA,NA,"31-35","other","other"
9998,NA,"EMPTY","Greenland halibut",NA,NA,"26-30","other","other"
9998,NA,"EMPTY","Greenland halibut",NA,NA,"26-30","other","other"
10011,NA,"SQUID","Greenland halibut",3.118,1,"26-30","other","other"
8019,81,"DECAPOD","Skate",14.18,NA,"36-40","other","other"
10310,NA,"SQUAT LOBSTER","Skate",4.144,1,"36-40","other","other"
9998,NA,"EMPTY","Skate",NA,NA,"36-40","other","other"
8111,81,"SHRIMP","Skate",10.912,NA,"41-45","borealis","Shrimp"
9998,NA,"EMPTY","Skate",NA,NA,"41-45","other","other"
6000,81,"CRUSTACEAN","Redfish",0.002,NA,"21-25","other","other"
9998,NA,"EMPTY","Redfish",NA,NA,"21-25","other","other"
9998,NA,"EMPTY","Redfish",NA,NA,"26-30","other","other"
9980,NA,"UNIDENTIFIED MATERIAL","Redfish",0.213,NA,"26-30","Unidentified material","other"
9998,NA,"EMPTY","Redfish",NA,NA,"26-30","other","other"
6000,81,"CRUSTACEAN","Redfish",0.469,NA,"31-35","other","other"
9980,NA,"UNIDENTIFIED MATERIAL","Redfish",1.462,NA,"31-35","Unidentified material","other"
9980,NA,"UNIDENTIFIED MATERIAL","Redfish",0.348,NA,"31-35","Unidentified material","other"
4545,86,"CEPHALOPOD","Redfish",0.006,NA,"31-35","other","other"
9980,NA,"UNIDENTIFIED MATERIAL","Redfish",1.013,NA,"31-35","Unidentified material","other"
999,88,"UNIDENTIFIED FISH","Redfish",0,NA,"31-35","other","other"
9998,NA,"EMPTY","Greenland halibut",NA,NA,"41-45","other","other"
8111,NA,"SHRIMP","Greenland halibut",17.122,1,"41-45","borealis","Shrimp"
9998,NA,"EMPTY","Greenland halibut",NA,NA,"36-40","other","other"
8020,NA,"SHRIMP/SHRIMP SAMPLE","Greenland halibut",1.603,1,"36-40","other","other"
9998,NA,"EMPTY","Greenland halibut",NA,NA,"36-40","other","other"
9998,NA,"EMPTY","Greenland halibut",NA,NA,"31-35","other","other"
9998,NA,"EMPTY","Greenland halibut",NA,NA,"31-35","other","other"
9998,NA,"EMPTY","Greenland halibut",NA,NA,"31-35","other","other"
9998,NA,"EMPTY","Greenland halibut",NA,NA,"26-30","other","other"
9998,NA,"EMPTY","Greenland halibut",NA,NA,"26-30","other","other"
9998,NA,"EMPTY","Skate",NA,NA,"41-45","other","other"
9980,NA,"UNIDENTIFIED MATERIAL","Redfish",0.275,NA,"16-20","Unidentified material","other"
9998,NA,"EMPTY","Redfish",NA,NA,"21-25","other","other"
9980,NA,"UNIDENTIFIED MATERIAL","Redfish",1.715,NA,"31-35","Unidentified material","other"
9998,NA,"EMPTY","Greenland halibut",NA,NA,"26-30","other","other"
9998,NA,"EMPTY","Greenland halibut",NA,NA,"21-25","other","other"
9980,NA,"UNIDENTIFIED MATERIAL","Greenland halibut",0.16,NA,"21-25","Unidentified material","other"
9998,NA,"EMPTY","Redfish",NA,NA,"26-30","other","other"
9998,NA,"EMPTY","Redfish",NA,NA,"21-25","other","other"
9998,NA,"EMPTY","Redfish",NA,NA,"26-30","other","other"
9998,NA,"EMPTY","Redfish",NA,NA,"31-35","other","other"
6967,81,"HYPERID AMPHIPOD","Redfish",0.05,NA,"31-35","other","other"
9998,NA,"EMPTY","Greenland halibut",NA,NA,"81-85","other","other"
9998,NA,"EMPTY","Greenland halibut",NA,NA,"61-65","other","other"
9998,NA,"EMPTY","Greenland halibut",NA,NA,"56-60","other","other"
9998,NA,"EMPTY","Greenland halibut",NA,NA,"56-60","other","other"
9998,NA,"EMPTY","Greenland halibut",NA,NA,"51-55","other","other"
9998,NA,"EMPTY","Greenland halibut",NA,NA,"46-50","other","other"
9998,NA,"EMPTY","Greenland halibut",NA,NA,"46-50","other","other"
9998,NA,"EMPTY","Greenland halibut",NA,NA,"26-30","other","other"
999,81,"UNIDENTIFIED FISH","Greenland halibut",1.216,NA,"26-30","other","other"
999,88,"UNIDENTIFIED FISH","Greenland halibut",0,NA,"26-30","other","other"
436,88,"GADOIDS","Greenland halibut",0,NA,"26-30","other","other"
999,81,"UNIDENTIFIED FISH","Greenland halibut",4.793,NA,"26-30","other","other"
999,88,"UNIDENTIFIED FISH","Greenland halibut",0,NA,"26-30","other","other"
9980,NA,"UNIDENTIFIED MATERIAL","Skate",0.703,NA,"11-15","Unidentified material","other"
8140,81,"MALACOSTRACAN","Skate",3.097,NA,"36-40","other","other"
8112,5,"SHRIMP","Skate",1.187,1,"36-40","montagui","Shrimp"
6000,81,"CRUSTACEAN","Skate",0.549,NA,"36-40","other","other"
4950,81,"POLYCHAETE","Skate",1.281,NA,"36-40","other","other"
8111,81,"SHRIMP","Skate",7.687,NA,"46-50","borealis","Shrimp"
9998,NA,"EMPTY","Greenland halibut",NA,NA,"11-15","other","other"
451,88,"ARCTIC COD","Skate",48.856,1,"36-40","other","other"
6999,NA,"GAMMARID AMPHIPOD","Skate",4.441,8,"36-40","other","other"
6999,NA,"GAMMARID AMPHIPOD","Skate",1.595,4,"36-40","other","other"
6996,81,"GAMMARID AMPHIPOD","Skate",2.282,NA,"36-40","other","other"
8020,81,"SHRIMP/SHRIMP SAMPLE","Skate",6.551,NA,"36-40","other","other"
9980,NA,"UNIDENTIFIED MATERIAL","Skate",13.175,NA,"36-40","Unidentified material","other"
5459,NA,"POLYCHAETE","Skate",3.401,1,"36-40","other","other"
6999,NA,"GAMMARID AMPHIPOD","Skate",1.774,4,"36-40","other","other"
6999,81,"GAMMARID AMPHIPOD","Skate",0.94,NA,"36-40","other","other"
4949,81,"ANNELID","Skate",2.441,NA,"36-40","other","other"
4545,81,"CEPHALOPOD","Skate",0.874,NA,"36-40","other","other"
8081,NA,"SHRIMP","Skate",0.963,1,"36-40","other","other"
9980,NA,"UNIDENTIFIED MATERIAL","Skate",3.279,NA,"36-40","Unidentified material","other"
8203,81,"CRAB","Skate",4.175,NA,"36-40","other","other"
8020,81,"SHRIMP/SHRIMP SAMPLE","Skate",3.261,NA,"36-40","other","other"
6999,81,"GAMMARID AMPHIPOD","Skate",0.556,NA,"36-40","other","other"
9980,NA,"UNIDENTIFIED MATERIAL","Skate",6.501,NA,"36-40","Unidentified material","other"
9998,NA,"EMPTY","Skate",NA,NA,"36-40","other","other"
6999,NA,"GAMMARID AMPHIPOD","Skate",0.423,1,"16-20","other","other"
6999,NA,"GAMMARID AMPHIPOD","Skate",2.012,5,"16-20","other","other"
6996,81,"GAMMARID AMPHIPOD","Skate",1.377,NA,"16-20","other","other"
9980,NA,"UNIDENTIFIED MATERIAL","Skate",1.211,NA,"16-20","Unidentified material","other"
6999,NA,"GAMMARID AMPHIPOD","Skate",1.315,3,"21-25","other","other"
6999,NA,"GAMMARID AMPHIPOD","Skate",0.963,2,"21-25","other","other"
6930,81,"AMPHIPOD","Skate",0.495,NA,"21-25","other","other"
4949,81,"ANNELID","Skate",1.022,NA,"21-25","other","other"
6999,NA,"GAMMARID AMPHIPOD","Skate",1.032,6,"21-25","other","other"
6999,NA,"GAMMARID AMPHIPOD","Skate",0.592,2,"21-25","other","other"
6996,81,"GAMMARID AMPHIPOD","Skate",0.736,NA,"21-25","other","other"
9980,NA,"UNIDENTIFIED MATERIAL","Skate",0.794,NA,"21-25","Unidentified material","other"
6999,NA,"GAMMARID AMPHIPOD","Skate",2.98,8,"21-25","other","other"
6999,NA,"GAMMARID AMPHIPOD","Skate",0.387,1,"21-25","other","other"
6999,NA,"GAMMARID AMPHIPOD","Skate",0.352,1,"21-25","other","other"
6999,81,"GAMMARID AMPHIPOD","Skate",1.207,NA,"21-25","other","other"
4949,81,"ANNELID","Skate",0.112,NA,"21-25","other","other"
9980,NA,"UNIDENTIFIED MATERIAL","Skate",1.825,NA,"21-25","Unidentified material","other"
6999,NA,"GAMMARID AMPHIPOD","Skate",1.968,4,"21-25","other","other"
6999,NA,"GAMMARID AMPHIPOD","Skate",0.903,4,"21-25","other","other"
6930,81,"AMPHIPOD","Skate",1.176,NA,"21-25","other","other"
9980,NA,"UNIDENTIFIED MATERIAL","Skate",1.496,NA,"21-25","Unidentified material","other"
6999,NA,"GAMMARID AMPHIPOD","Skate",1.085,3,"21-25","other","other"
6999,NA,"GAMMARID AMPHIPOD","Skate",1.508,4,"21-25","other","other"
6999,NA,"GAMMARID AMPHIPOD","Skate",0.653,2,"21-25","other","other"
6996,81,"GAMMARID AMPHIPOD","Skate",0.237,NA,"21-25","other","other"
4949,81,"ANNELID","Skate",0.277,NA,"21-25","other","other"
9980,NA,"UNIDENTIFIED MATERIAL","Skate",2.463,NA,"21-25","Unidentified material","other"
8020,NA,"SHRIMP/SHRIMP SAMPLE","Skate",3.76,1,"21-25","other","other"
6999,NA,"GAMMARID AMPHIPOD","Skate",1.273,4,"16-20","other","other"
6999,NA,"GAMMARID AMPHIPOD","Skate",1.799,6,"16-20","other","other"
6996,81,"GAMMARID AMPHIPOD","Skate",1.119,NA,"16-20","other","other"
9980,NA,"UNIDENTIFIED MATERIAL","Skate",1.636,NA,"16-20","Unidentified material","other"
6999,NA,"GAMMARID AMPHIPOD","Skate",2.003,5,"16-20","other","other"
6996,81,"GAMMARID AMPHIPOD","Skate",1.976,NA,"16-20","other","other"
9980,NA,"UNIDENTIFIED MATERIAL","Skate",1.254,NA,"16-20","Unidentified material","other"
6999,NA,"GAMMARID AMPHIPOD","Skate",0.666,1,"16-20","other","other"
6999,NA,"GAMMARID AMPHIPOD","Skate",0.423,2,"16-20","other","other"
6996,81,"GAMMARID AMPHIPOD","Skate",2.142,NA,"16-20","other","other"
9980,NA,"UNIDENTIFIED MATERIAL","Skate",1.64,NA,"16-20","Unidentified material","other"
6999,NA,"GAMMARID AMPHIPOD","Skate",1.04,2,"16-20","other","other"
6996,81,"GAMMARID AMPHIPOD","Skate",0.554,NA,"16-20","other","other"
6999,NA,"GAMMARID AMPHIPOD","Skate",1.028,3,"16-20","other","other"
6999,NA,"GAMMARID AMPHIPOD","Skate",0.325,1,"16-20","other","other"
6996,81,"GAMMARID AMPHIPOD","Skate",1.148,NA,"16-20","other","other"
9980,NA,"UNIDENTIFIED MATERIAL","Skate",0.831,NA,"16-20","Unidentified material","other"
6999,NA,"GAMMARID AMPHIPOD","Skate",0.354,1,"16-20","other","other"
6999,81,"GAMMARID AMPHIPOD","Skate",0.636,NA,"16-20","other","other"
6930,81,"AMPHIPOD","Skate",0.602,NA,"16-20","other","other"
6999,NA,"GAMMARID AMPHIPOD","Skate",0.41,2,"16-20","other","other"
6996,81,"GAMMARID AMPHIPOD","Skate",0.739,NA,"16-20","other","other"
9980,NA,"UNIDENTIFIED MATERIAL","Skate",0.877,NA,"16-20","Unidentified material","other"
6930,81,"AMPHIPOD","Skate",0.104,NA,"16-20","other","other"
6999,NA,"GAMMARID AMPHIPOD","Skate",1.411,3,"16-20","other","other"
6999,NA,"GAMMARID AMPHIPOD","Skate",0.632,2,"16-20","other","other"
6996,81,"GAMMARID AMPHIPOD","Skate",0.868,NA,"16-20","other","other"
9980,NA,"UNIDENTIFIED MATERIAL","Skate",0.298,NA,"16-20","Unidentified material","other"
6999,NA,"GAMMARID AMPHIPOD","Skate",0.775,2,"16-20","other","other"
6996,81,"GAMMARID AMPHIPOD","Skate",0.902,NA,"16-20","other","other"
9980,NA,"UNIDENTIFIED MATERIAL","Skate",0.892,NA,"16-20","Unidentified material","other"
6999,NA,"GAMMARID AMPHIPOD","Skate",1.209,3,"16-20","other","other"
6996,81,"GAMMARID AMPHIPOD","Skate",0.946,NA,"16-20","other","other"
6930,81,"AMPHIPOD","Skate",1.085,NA,"16-20","other","other"
6930,81,"AMPHIPOD","Skate",0.575,NA,"16-20","other","other"
9980,NA,"UNIDENTIFIED MATERIAL","Skate",0.143,NA,"16-20","Unidentified material","other"
6996,81,"GAMMARID AMPHIPOD","Skate",0.254,NA,"11-15","other","other"
9980,NA,"UNIDENTIFIED MATERIAL","Skate",0.906,NA,"11-15","Unidentified material","other"
6999,NA,"GAMMARID AMPHIPOD","Skate",0.293,1,"11-15","other","other"
6930,81,"AMPHIPOD","Skate",0.767,NA,"11-15","other","other"
6930,81,"AMPHIPOD","Skate",0.992,NA,"11-15","other","other"
6999,NA,"GAMMARID AMPHIPOD","Skate",0.231,1,"11-15","other","other"
6930,81,"AMPHIPOD","Skate",0.242,NA,"11-15","other","other"
9980,NA,"UNIDENTIFIED MATERIAL","Skate",0.235,NA,"11-15","Unidentified material","other"
6930,81,"AMPHIPOD","Skate",0.053,NA,"11-15","other","other"
6083,NA,"COPEPOD","Skate",0.004,1,"11-15","other","other"
9980,NA,"UNIDENTIFIED MATERIAL","Skate",0.426,NA,"11-15","Unidentified material","other"
6930,81,"AMPHIPOD","Skate",0.061,NA,"11-15","other","other"
6999,NA,"GAMMARID AMPHIPOD","Skate",0.283,2,"11-15","other","other"
9980,NA,"UNIDENTIFIED MATERIAL","Skate",0.778,NA,"11-15","Unidentified material","other"
6999,81,"GAMMARID AMPHIPOD","Skate",0.887,NA,"11-15","other","other"
6999,NA,"GAMMARID AMPHIPOD","Skate",0.084,1,"11-15","other","other"
9980,NA,"UNIDENTIFIED MATERIAL","Skate",0.214,NA,"11-15","Unidentified material","other"
6930,81,"AMPHIPOD","Skate",0.081,NA,"11-15","other","other"
9980,NA,"UNIDENTIFIED MATERIAL","Skate",0.647,NA,"11-15","Unidentified material","other"
9980,NA,"UNIDENTIFIED MATERIAL","Redfish",0.409,NA,"16-20","Unidentified material","other"
9980,NA,"UNIDENTIFIED MATERIAL","Skate",0.377,NA,"21-25","Unidentified material","other"
9998,NA,"EMPTY","Greenland halibut",NA,NA,"46-50","other","other"
9998,NA,"EMPTY","Greenland halibut",NA,NA,"41-45","other","other"
9998,NA,"EMPTY","Redfish",NA,NA,"21-25","other","other"
9998,NA,"EMPTY","Greenland halibut",NA,NA,"51-55","other","other"
9998,NA,"EMPTY","Greenland halibut",NA,NA,"46-50","other","other"
9998,NA,"EMPTY","Greenland halibut",NA,NA,"11-15","other","other"
6000,81,"CRUSTACEAN","Skate",5.76,NA,"46-50","other","other"
8111,NA,"SHRIMP","Skate",6.752,1,"46-50","borealis","Shrimp"
8120,NA,"SHRIMP","Skate",5.648,2,"46-50","other","other"
8020,81,"SHRIMP/SHRIMP SAMPLE","Skate",0.41,NA,"46-50","other","other"
4950,81,"POLYCHAETE","Skate",1.48,NA,"46-50","other","other"
8178,NA,"HERMIT CRAB","Skate",5.251,1,"46-50","other","other"
999,81,"UNIDENTIFIED FISH","Skate",7.643,NA,"41-45","other","other"
6930,81,"AMPHIPOD","Skate",0.554,NA,"41-45","other","other"
6000,81,"CRUSTACEAN","Skate",1.626,NA,"41-45","other","other"
8019,81,"DECAPOD","Skate",7.198,NA,"41-45","other","other"
8074,NA,"SHRIMP","Skate",5.614,1,"41-45","other","other"
8111,NA,"SHRIMP","Skate",3.126,1,"41-45","borealis","Shrimp"
9980,NA,"UNIDENTIFIED MATERIAL","Skate",8.987,NA,"41-45","Unidentified material","other"
853,88,"SEASNAILS","Skate",15.836,1,"41-45","other","other"
8138,NA,"SHRIMP","Skate",13.076,1,"41-45","other","other"
8020,81,"SHRIMP/SHRIMP SAMPLE","Skate",2.396,NA,"41-45","other","other"
6000,81,"CRUSTACEAN","Skate",7.301,NA,"41-45","other","other"
7933,81,"MYSID","Redfish",0.21,NA,"16-20","other","other"
999,81,"UNIDENTIFIED FISH","Redfish",2.14,NA,"16-20","other","other"
9998,NA,"EMPTY","Greenland halibut",NA,NA,"11-15","other","other"
999,81,"UNIDENTIFIED FISH","Skate",74.582,NA,"141-145","other","other"
999,88,"UNIDENTIFIED FISH","Skate",0,NA,"141-145","other","other"
999,88,"UNIDENTIFIED FISH","Skate",0,NA,"141-145","other","other"
4846,86,"OCTOPUS","Skate",3.178,NA,"171-175","other","other"
9980,NA,"UNIDENTIFIED MATERIAL","Skate",20.567,NA,"171-175","Unidentified material","other"
1101,81,"SPONGE","Greenland halibut",0.264,NA,"46-50","other","other"
8360,81,"SEA URCHIN","Greenland halibut",0.23,NA,"46-50","other","other"
9998,NA,"EMPTY","Greenland halibut",NA,NA,"21-25","other","other"
9998,NA,"EMPTY","Skate",NA,NA,"46-50","other","other"
4545,81,"CEPHALOPOD","Skate",0.005,NA,"36-40","other","other"
9980,NA,"UNIDENTIFIED MATERIAL","Skate",1.854,NA,"36-40","Unidentified material","other"
6000,81,"CRUSTACEAN","Skate",0.037,NA,"36-40","other","other"
999,81,"UNIDENTIFIED FISH","Greenland halibut",63.744,NA,"76-80","other","other"
792,88,"REDFISH","Greenland halibut",0,NA,"76-80","other","other"
792,88,"REDFISH","Greenland halibut",0,NA,"76-80","other","other"
9998,NA,"EMPTY","Greenland halibut",NA,NA,"76-80","other","other"
9998,NA,"EMPTY","Greenland halibut",NA,NA,"51-55","other","other"
9998,NA,"EMPTY","Greenland halibut",NA,NA,"46-50","other","other"
9998,NA,"EMPTY","Redfish",NA,NA,"26-30","other","other"
8112,NA,"SHRIMP","Redfish",2.461,1,"26-30","montagui","Shrimp"
8020,81,"SHRIMP/SHRIMP SAMPLE","Redfish",3.145,NA,"26-30","other","other"
8111,NA,"SHRIMP","Greenland halibut",5.473,1,"71-75","borealis","Shrimp"
8112,NA,"SHRIMP","Greenland halibut",13.031,3,"71-75","montagui","Shrimp"
8112,NA,"SHRIMP","Greenland halibut",10.326,2,"71-75","montagui","Shrimp"
8020,NA,"SHRIMP/SHRIMP SAMPLE","Greenland halibut",8.65,1,"71-75","other","other"
8483,5,"SEA STAR","Greenland halibut",0.255,1,"71-75","other","other"
451,88,"ARCTIC COD","Greenland halibut",13.804,1,"71-75","other","other"
451,88,"ARCTIC COD","Greenland halibut",6.403,1,"71-75","other","other"
8112,NA,"SHRIMP","Greenland halibut",10.134,1,"41-45","montagui","Shrimp"
8111,NA,"SHRIMP","Greenland halibut",5.093,1,"41-45","borealis","Shrimp"
9998,NA,"EMPTY","Greenland halibut",NA,NA,"41-45","other","other"
8111,81,"SHRIMP","Greenland halibut",1.308,NA,"41-45","borealis","Shrimp"
8110,81,"SHRIMP","Greenland halibut",1.64,NA,"41-45","Pandalus","Shrimp"
8020,81,"SHRIMP/SHRIMP SAMPLE","Greenland halibut",9.837,NA,"41-45","other","other"
8112,NA,"SHRIMP","Greenland halibut",9.623,1,"36-40","montagui","Shrimp"
8020,81,"SHRIMP/SHRIMP SAMPLE","Greenland halibut",5.702,NA,"36-40","other","other"
9980,NA,"UNIDENTIFIED MATERIAL","Redfish",0.021,NA,"11-15","Unidentified material","other"
9980,NA,"UNIDENTIFIED MATERIAL","Redfish",0.034,NA,"11-15","Unidentified material","other"
9980,NA,"UNIDENTIFIED MATERIAL","Redfish",0.036,NA,"11-15","Unidentified material","other"
9998,NA,"EMPTY","Redfish",NA,NA,"16-20","other","other"
9980,NA,"UNIDENTIFIED MATERIAL","Redfish",0.117,NA,"16-20","Unidentified material","other"
9980,NA,"UNIDENTIFIED MATERIAL","Redfish",0.114,NA,"16-20","Unidentified material","other"
9998,NA,"EMPTY","Skate",NA,NA,"6-10","other","other"
9980,NA,"UNIDENTIFIED MATERIAL","Skate",0.536,NA,"26-30","Unidentified material","other"
10011,NA,"SQUID","Greenland halibut",8.23,1,"21-25","other","other"
9998,NA,"EMPTY","Greenland halibut",NA,NA,"26-30","other","other"
4769,NA,"SQUID","Greenland halibut",12.437,2,"31-35","other","other"
10011,81,"SQUID","Greenland halibut",4.796,NA,"31-35","other","other"
999,81,"UNIDENTIFIED FISH","Greenland halibut",2.711,NA,"31-35","other","other"
9998,NA,"EMPTY","Greenland halibut",NA,NA,"36-40","other","other"
999,81,"UNIDENTIFIED FISH","Greenland halibut",9.609,NA,"41-45","other","other"
9980,NA,"UNIDENTIFIED MATERIAL","Greenland halibut",0.02,NA,"26-30","Unidentified material","other"
6083,81,"COPEPOD","Redfish",0.203,NA,"21-25","other","other"
4769,NA,"SQUID","Greenland halibut",8.6,1,"31-35","other","other"
7994,NA,"EUPHAUSID","Greenland halibut",0.495,1,"41-45","other","other"
7991,NA,"EUPHAUSID","Redfish",0.489,1,"16-20","other","other"
9998,NA,"EMPTY","Redfish",NA,NA,"21-25","other","other"
9998,NA,"EMPTY","Redfish",NA,NA,"21-25","other","other"
9998,NA,"EMPTY","Greenland halibut",NA,NA,"41-45","other","other"
999,81,"UNIDENTIFIED FISH","Skate",0.65,NA,"36-40","other","other"
4545,86,"CEPHALOPOD","Skate",0.031,NA,"36-40","other","other"
6967,81,"HYPERID AMPHIPOD","Skate",0.011,NA,"36-40","other","other"
6967,NA,"HYPERID AMPHIPOD","Skate",0.031,1,"36-40","other","other"
999,81,"UNIDENTIFIED FISH","Skate",3.454,NA,"36-40","other","other"
9980,NA,"UNIDENTIFIED MATERIAL","Redfish",0.383,NA,"21-25","Unidentified material","other"
7991,81,"EUPHAUSID","Redfish",0.234,NA,"26-30","other","other"
4545,86,"CEPHALOPOD","Redfish",0.107,NA,"26-30","other","other"
9998,NA,"EMPTY","Greenland halibut",NA,NA,"21-25","other","other"
9980,NA,"UNIDENTIFIED MATERIAL","Greenland halibut",0.76,NA,"31-35","Unidentified material","other"
999,81,"UNIDENTIFIED FISH","Greenland halibut",7.984,NA,"41-45","other","other"
9998,NA,"EMPTY","Greenland halibut",NA,NA,"51-55","other","other"
7994,NA,"EUPHAUSID","Redfish",4.36,20,"26-30","other","other"
6000,81,"CRUSTACEAN","Redfish",0.191,NA,"26-30","other","other"
6930,81,"AMPHIPOD","Skate",0.285,NA,"11-15","other","other"
6930,81,"AMPHIPOD","Skate",0.117,NA,"11-15","other","other"
9998,NA,"EMPTY","Greenland halibut",NA,NA,"36-40","other","other"
999,81,"UNIDENTIFIED FISH","Greenland halibut",1.617,NA,"61-65","other","other"
999,88,"UNIDENTIFIED FISH","Greenland halibut",0,NA,"61-65","other","other"
9998,NA,"EMPTY","Greenland halibut",NA,NA,"11-15","other","other"
6967,NA,"HYPERID AMPHIPOD","Greenland halibut",0.126,6,"11-15","other","other"
6967,81,"HYPERID AMPHIPOD","Greenland halibut",0.249,NA,"11-15","other","other"
6967,NA,"HYPERID AMPHIPOD","Greenland halibut",0.019,1,"11-15","other","other"
6967,81,"HYPERID AMPHIPOD","Greenland halibut",0.149,NA,"11-15","other","other"
6967,81,"HYPERID AMPHIPOD","Greenland halibut",0.194,NA,"16-20","other","other"
808,88,"SCULPINS","Greenland halibut",2.387,1,"21-25","other","other"
6967,81,"HYPERID AMPHIPOD","Greenland halibut",0.054,NA,"21-25","other","other"
6000,81,"CRUSTACEAN","Skate",0.11,NA,"16-20","other","other"
6930,81,"AMPHIPOD","Skate",0.167,NA,"16-20","other","other"
4950,81,"POLYCHAETE","Skate",0.04,NA,"16-20","other","other"
6996,NA,"GAMMARID AMPHIPOD","Skate",0.33,1,"16-20","other","other"
7389,5,"GAMMARID AMPHIPOD","Skate",0.026,1,"16-20","other","other"
9980,NA,"UNIDENTIFIED MATERIAL","Skate",0.478,NA,"16-20","Unidentified material","other"
4950,81,"POLYCHAETE","Skate",0.187,NA,"11-15","other","other"
6000,81,"CRUSTACEAN","Skate",0.099,NA,"11-15","other","other"
9980,NA,"UNIDENTIFIED MATERIAL","Skate",0.063,NA,"11-15","Unidentified material","other"
9998,NA,"EMPTY","Skate",NA,NA,"11-15","other","other"
9980,NA,"UNIDENTIFIED MATERIAL","Redfish",0.515,NA,"21-25","Unidentified material","other"
9998,NA,"EMPTY","Greenland halibut",NA,NA,"21-25","other","other"
4545,81,"CEPHALOPOD","Greenland halibut",1.812,1,"26-30","other","other"
9998,NA,"EMPTY","Greenland halibut",NA,NA,"21-25","other","other"
9998,NA,"EMPTY","Greenland halibut",NA,NA,"31-35","other","other"
9998,NA,"EMPTY","Greenland halibut",NA,NA,"36-40","other","other"
9998,NA,"EMPTY","Redfish",NA,NA,"6-10","other","other"
6000,81,"CRUSTACEAN","Redfish",0.16,NA,"16-20","other","other"
9998,NA,"EMPTY","Redfish",NA,NA,"16-20","other","other"
999,90,"UNIDENTIFIED FISH","Greenland halibut",0.342,NA,"56-60","other","other"
2670,NA,"BRYOZOA","Greenland halibut",0.584,1,"51-55","other","other"
1101,81,"SPONGE","Greenland halibut",0.707,NA,"51-55","other","other"
9998,NA,"EMPTY","Greenland halibut",NA,NA,"41-45","other","other"
9998,NA,"EMPTY","Greenland halibut",0,NA,"36-40","other","other"
9998,NA,"EMPTY","Greenland halibut",0,NA,"36-40","other","other"
9998,NA,"EMPTY","Greenland halibut",0,NA,"36-40","other","other"
9998,NA,"EMPTY","Greenland halibut",0,NA,"31-35","other","other"
9998,NA,"EMPTY","Greenland halibut",0,NA,"31-35","other","other"
9998,NA,"EMPTY","Greenland halibut",0,NA,"26-30","other","other"
4545,81,"CEPHALOPOD","Greenland halibut",1.39,NA,"26-30","other","other"
8111,NA,"SHRIMP","Skate",18.622,2,"36-40","borealis","Shrimp"
8111,81,"SHRIMP","Skate",5.742,NA,"36-40","borealis","Shrimp"
9998,NA,"EMPTY","Skate",NA,NA,"46-50","other","other"
6967,NA,"HYPERID AMPHIPOD","Greenland halibut",0.088,2,"11-15","other","other"
6967,81,"HYPERID AMPHIPOD","Greenland halibut",0.376,NA,"11-15","other","other"
6967,81,"HYPERID AMPHIPOD","Greenland halibut",0.2,NA,"11-15","other","other"
6967,81,"HYPERID AMPHIPOD","Greenland halibut",0.46,NA,"16-20","other","other"
6967,NA,"HYPERID AMPHIPOD","Greenland halibut",0.131,3,"16-20","other","other"
6967,81,"HYPERID AMPHIPOD","Greenland halibut",0.239,NA,"16-20","other","other"
6967,81,"HYPERID AMPHIPOD","Greenland halibut",0.306,NA,"16-20","other","other"
6080,81,"COPEPOD","Redfish",0.054,NA,"6-10","other","other"
6930,81,"AMPHIPOD","Redfish",0.031,NA,"6-10","other","other"
8110,NA,"SHRIMP","Skate",11.346,1,"36-40","Pandalus","Shrimp"
8110,81,"SHRIMP","Skate",11.39,NA,"36-40","Pandalus","Shrimp"
8111,NA,"SHRIMP","Skate",17.16,1,"36-40","borealis","Shrimp"
6930,81,"AMPHIPOD","Greenland halibut",0.21,NA,"6-10","other","other"
8111,NA,"SHRIMP","Greenland halibut",7.179,1,"41-45","borealis","Shrimp"
815,88,"ARCTIC MAILED SCULPIN","Greenland halibut",11.201,1,"41-45","other","other"
8110,81,"SHRIMP","Greenland halibut",6.068,NA,"41-45","Pandalus","Shrimp"
6000,81,"CRUSTACEAN","Atlantic cod",2.442,NA,"31-35","other","other"
8111,NA,"SHRIMP","Atlantic cod",5.77,1,"31-35","borealis","Shrimp"
6000,81,"CRUSTACEAN","Skate",0.035,NA,"16-20","other","other"
9980,NA,"UNIDENTIFIED MATERIAL","Skate",1.295,NA,"16-20","Unidentified material","other"
7994,NA,"EUPHAUSID","Redfish",0.711,1,"21-25","other","other"
9998,NA,"EMPTY","Redfish",NA,NA,"21-25","other","other"
9998,NA,"EMPTY","Greenland halibut",NA,NA,"51-55","other","other"
9998,NA,"EMPTY","Greenland halibut",NA,NA,"51-55","other","other"
859,88,"GELATINOUS SEASNAIL","Greenland halibut",5.037,1,"51-55","other","other"
7933,81,"MYSID","Greenland halibut",2.305,NA,"51-55","other","other"
8135,NA,"SHRIMP","Greenland halibut",1.384,1,"46-50","other","other"
7935,NA,"MYSID","Greenland halibut",1.432,2,"46-50","other","other"
7933,81,"MYSID","Greenland halibut",0.94,NA,"46-50","other","other"
9998,NA,"EMPTY","Greenland halibut",NA,NA,"46-50","other","other"
9998,NA,"EMPTY","Greenland halibut",NA,NA,"46-50","other","other"
9998,NA,"EMPTY","Greenland halibut",NA,NA,"41-45","other","other"
10560,5,"MYSID","Greenland halibut",0.014,1,"41-45","other","other"
7935,NA,"MYSID","Greenland halibut",0.18,1,"36-40","other","other"
9998,NA,"EMPTY","Greenland halibut",NA,NA,"36-40","other","other"
9998,NA,"EMPTY","Greenland halibut",NA,NA,"36-40","other","other"
9998,NA,"EMPTY","Greenland halibut",NA,NA,"31-35","other","other"
9998,NA,"EMPTY","Greenland halibut",NA,NA,"31-35","other","other"
9998,NA,"EMPTY","Greenland halibut",NA,NA,"31-35","other","other"
9998,NA,"EMPTY","Greenland halibut",NA,NA,"26-30","other","other"
9998,NA,"EMPTY","Greenland halibut",NA,NA,"26-30","other","other"
9998,NA,"EMPTY","Skate",NA,NA,"41-45","other","other"
9998,NA,"EMPTY","Greenland halibut",NA,NA,"16-20","other","other"
9998,NA,"EMPTY","Greenland halibut",NA,NA,"16-20","other","other"
9998,NA,"EMPTY","Greenland halibut",NA,NA,"11-15","other","other"
9998,NA,"EMPTY","Greenland halibut",NA,NA,"66-70","other","other"
999,90,"UNIDENTIFIED FISH","Greenland halibut",0.49,NA,"61-65","other","other"
10760,81,"Foraminifera (amoeboid protists)","Greenland halibut",0.002,NA,"61-65","other","other"
9998,NA,"EMPTY","Greenland halibut",NA,NA,"56-60","other","other"
9998,NA,"EMPTY","Greenland halibut",NA,NA,"56-60","other","other"
4950,81,"POLYCHAETE","Skate",0.05,NA,"36-40","other","other"
9980,NA,"UNIDENTIFIED MATERIAL","Skate",0.622,NA,"36-40","Unidentified material","other"
6930,81,"AMPHIPOD","Skate",0.062,NA,"31-35","other","other"
7389,NA,"GAMMARID AMPHIPOD","Skate",0.027,1,"31-35","other","other"
9980,NA,"UNIDENTIFIED MATERIAL","Skate",0.66,NA,"31-35","Unidentified material","other"
9998,NA,"EMPTY","Greenland halibut",NA,NA,"26-30","other","other"
6000,81,"CRUSTACEAN","Greenland halibut",0.252,NA,"16-20","other","other"
9998,NA,"EMPTY","Greenland halibut",NA,NA,"21-25","other","other"
7933,NA,"MYSID","Greenland halibut",0.494,1,"21-25","other","other"
6967,81,"HYPERID AMPHIPOD","Skate",0.084,NA,"41-45","other","other"
6930,81,"AMPHIPOD","Skate",0.216,NA,"41-45","other","other"
6000,81,"CRUSTACEAN","Skate",0.459,NA,"41-45","other","other"
7935,NA,"MYSID","Skate",0.055,1,"41-45","other","other"
4769,NA,"SQUID","Skate",0.909,1,"41-45","other","other"
10760,81,"Foraminifera (amoeboid protists)","Skate",0.006,NA,"41-45","other","other"
9980,NA,"UNIDENTIFIED MATERIAL","Skate",1.15,NA,"41-45","Unidentified material","other"
9998,NA,"EMPTY","Greenland halibut",NA,NA,"11-15","other","other"
6000,81,"CRUSTACEAN","Greenland halibut",0.067,NA,"11-15","other","other"
9998,NA,"EMPTY","Greenland halibut",NA,NA,"61-65","other","other"
7935,NA,"MYSID","Greenland halibut",1.624,5,"66-70","other","other"
7935,NA,"MYSID","Greenland halibut",0.342,3,"66-70","other","other"
7957,NA,"MYSID","Greenland halibut",0.053,1,"66-70","other","other"
1101,81,"SPONGE","Greenland halibut",1.204,NA,"66-70","other","other"
7933,81,"MYSID","Greenland halibut",3.978,NA,"56-60","other","other"
999,81,"UNIDENTIFIED FISH","Greenland halibut",20.352,NA,"56-60","other","other"
999,88,"UNIDENTIFIED FISH","Greenland halibut",0,NA,"56-60","other","other"
9998,NA,"EMPTY","Greenland halibut",NA,NA,"61-65","other","other"
6000,81,"CRUSTACEAN","Skate",0.239,NA,"31-35","other","other"
9980,NA,"UNIDENTIFIED MATERIAL","Skate",0.859,NA,"31-35","Unidentified material","other"
4846,NA,"OCTOPUS","Skate",3.534,1,"31-35","other","other"
4545,81,"CEPHALOPOD","Skate",0.411,NA,"31-35","other","other"
6967,NA,"HYPERID AMPHIPOD","Skate",0.046,1,"31-35","other","other"
6000,81,"CRUSTACEAN","Skate",0.376,NA,"31-35","other","other"
10760,81,"Foraminifera (amoeboid protists)","Skate",0.034,NA,"31-35","other","other"
7994,NA,"EUPHAUSID","Skate",0.582,1,"31-35","other","other"
9980,NA,"UNIDENTIFIED MATERIAL","Skate",2.017,NA,"31-35","Unidentified material","other"
4846,81,"OCTOPUS","Skate",10.295,NA,"31-35","other","other"
6967,NA,"HYPERID AMPHIPOD","Skate",0.037,1,"31-35","other","other"
6967,81,"HYPERID AMPHIPOD","Skate",0.048,NA,"31-35","other","other"
6930,NA,"AMPHIPOD","Skate",0.339,1,"31-35","other","other"
7935,81,"MYSID","Skate",0.236,NA,"31-35","other","other"
7935,NA,"MYSID","Skate",0.291,4,"31-35","other","other"
7933,81,"MYSID","Skate",0.568,NA,"31-35","other","other"
6000,81,"CRUSTACEAN","Skate",0.672,NA,"31-35","other","other"
999,88,"UNIDENTIFIED FISH","Skate",0,NA,"31-35","other","other"
999,88,"UNIDENTIFIED FISH","Skate",0,NA,"31-35","other","other"
9980,NA,"UNIDENTIFIED MATERIAL","Skate",3.204,NA,"31-35","Unidentified material","other"
451,88,"ARCTIC COD","Greenland halibut",4.005,1,"41-45","other","other"
8551,NA,"BRITTLE STAR","Greenland halibut",1.292,1,"41-45","other","other"
451,88,"ARCTIC COD","Greenland halibut",5.111,1,"41-45","other","other"
436,88,"GADOIDS","Greenland halibut",6.629,1,"36-40","other","other"
451,88,"ARCTIC COD","Greenland halibut",4.85,1,"31-35","other","other"
815,88,"ARCTIC MAILED SCULPIN","Greenland halibut",16.805,1,"26-30","other","other"
451,88,"ARCTIC COD","Greenland halibut",3.09,1,"26-30","other","other"
451,88,"ARCTIC COD","Greenland halibut",5.791,1,"26-30","other","other"
9998,NA,"EMPTY","Greenland halibut",NA,NA,"21-25","other","other"
999,88,"UNIDENTIFIED FISH","Greenland halibut",0,NA,"21-25","other","other"
999,88,"UNIDENTIFIED FISH","Greenland halibut",0,NA,"21-25","other","other"
9998,NA,"EMPTY","Greenland halibut",NA,NA,"16-20","other","other"
451,88,"ARCTIC COD","Greenland halibut",2.598,1,"16-20","other","other"
999,88,"UNIDENTIFIED FISH","Greenland halibut",1.2,1,"16-20","other","other"
6967,81,"HYPERID AMPHIPOD","Greenland halibut",0.262,NA,"6-10","other","other"
9980,NA,"UNIDENTIFIED MATERIAL","Skate",0.259,NA,"16-20","Unidentified material","other"
6000,81,"CRUSTACEAN","Skate",1.198,NA,"16-20","other","other"
4949,81,"ANNELID","Skate",3.234,NA,"21-25","other","other"
8020,81,"SHRIMP/SHRIMP SAMPLE","Skate",0.016,NA,"16-20","other","other"
6967,NA,"HYPERID AMPHIPOD","Skate",0.003,1,"16-20","other","other"
9980,NA,"UNIDENTIFIED MATERIAL","Skate",0.863,NA,"16-20","Unidentified material","other"
9980,NA,"UNIDENTIFIED MATERIAL","Skate",0.941,NA,"16-20","Unidentified material","other"
6930,81,"AMPHIPOD","Skate",0.011,NA,"16-20","other","other"
9980,NA,"UNIDENTIFIED MATERIAL","Skate",0.757,NA,"16-20","Unidentified material","other"
9980,NA,"UNIDENTIFIED MATERIAL","Skate",0.994,NA,"16-20","Unidentified material","other"
9980,NA,"UNIDENTIFIED MATERIAL","Skate",0.578,NA,"16-20","Unidentified material","other"
451,88,"ARCTIC COD","Greenland halibut",13.693,1,"36-40","other","other"
451,88,"ARCTIC COD","Greenland halibut",5.392,1,"31-35","other","other"
436,88,"GADOIDS","Greenland halibut",2.105,1,"31-35","other","other"
436,88,"GADOIDS","Greenland halibut",5.129,1,"31-35","other","other"
436,88,"GADOIDS","Greenland halibut",4.938,1,"31-35","other","other"
999,81,"UNIDENTIFIED FISH","Greenland halibut",2.139,NA,"26-30","other","other"
9980,NA,"UNIDENTIFIED MATERIAL","Greenland halibut",1.826,NA,"26-30","Unidentified material","other"
436,88,"GADOIDS","Greenland halibut",4.386,1,"26-30","other","other"
436,88,"GADOIDS","Greenland halibut",8.399,1,"26-30","other","other"
999,88,"UNIDENTIFIED FISH","Greenland halibut",0,NA,"26-30","other","other"
999,88,"UNIDENTIFIED FISH","Greenland halibut",0,NA,"26-30","other","other"
999,88,"UNIDENTIFIED FISH","Greenland halibut",0,NA,"26-30","other","other"
436,88,"GADOIDS","Greenland halibut",4.547,1,"26-30","other","other"
8020,NA,"SHRIMP/SHRIMP SAMPLE","Greenland halibut",0.872,1,"26-30","other","other"
999,88,"UNIDENTIFIED FISH","Greenland halibut",0,NA,"21-25","other","other"
999,90,"UNIDENTIFIED FISH","Greenland halibut",0.099,NA,"21-25","other","other"
9980,NA,"UNIDENTIFIED MATERIAL","Greenland halibut",2.388,NA,"21-25","Unidentified material","other"
9980,NA,"UNIDENTIFIED MATERIAL","Greenland halibut",1.329,NA,"16-20","Unidentified material","other"
999,81,"UNIDENTIFIED FISH","Skate",33.153,NA,"41-45","other","other"
999,88,"UNIDENTIFIED FISH","Skate",0,NA,"41-45","other","other"
999,88,"UNIDENTIFIED FISH","Skate",0,NA,"41-45","other","other"
8020,81,"SHRIMP/SHRIMP SAMPLE","Skate",1.047,NA,"41-45","other","other"
4949,81,"ANNELID","Skate",0.862,NA,"21-25","other","other"
8111,NA,"SHRIMP","Skate",16.349,1,"21-25","borealis","Shrimp"
6999,NA,"GAMMARID AMPHIPOD","Skate",0.402,3,"21-25","other","other"
6930,81,"AMPHIPOD","Skate",1.001,NA,"21-25","other","other"
6930,81,"AMPHIPOD","Skate",0.265,NA,"16-20","other","other"
4950,81,"POLYCHAETE","Skate",2.521,NA,"16-20","other","other"
9998,NA,"EMPTY","Skate",NA,NA,"21-25","other","other"
436,88,"GADOIDS","Greenland halibut",13.708,1,"26-30","other","other"
9980,NA,"UNIDENTIFIED MATERIAL","Skate",0.5,NA,"21-25","Unidentified material","other"
6930,81,"AMPHIPOD","Skate",0.376,NA,"36-40","other","other"
999,81,"UNIDENTIFIED FISH","Skate",0.363,NA,"36-40","other","other"
9980,NA,"UNIDENTIFIED MATERIAL","Skate",2.756,NA,"36-40","Unidentified material","other"
6000,81,"CRUSTACEAN","Skate",0.544,NA,"16-20","other","other"
813,88,"MAILED SCULPINS","Greenland halibut",2.729,1,"31-35","other","other"
999,81,"UNIDENTIFIED FISH","Greenland halibut",2.311,NA,"31-35","other","other"
999,88,"UNIDENTIFIED FISH","Greenland halibut",0,NA,"31-35","other","other"
999,88,"UNIDENTIFIED FISH","Greenland halibut",0,NA,"31-35","other","other"
6967,81,"HYPERID AMPHIPOD","Greenland halibut",0.135,NA,"6-10","other","other"
9980,NA,"UNIDENTIFIED MATERIAL","Greenland halibut",0.107,NA,"6-10","Unidentified material","other"
6967,81,"HYPERID AMPHIPOD","Greenland halibut",0.246,NA,"6-10","other","other"
2570,NA,"PRIAPULID","Skate",0.945,1,"21-25","other","other"
7211,NA,"GAMMARID AMPHIPOD","Skate",0.393,1,"21-25","other","other"
9980,NA,"UNIDENTIFIED MATERIAL","Skate",0.316,NA,"21-25","Unidentified material","other"
9998,NA,"EMPTY","Skate",NA,NA,"36-40","other","other"
808,88,"SCULPINS","Skate",17.623,1,"36-40","other","other"
7211,NA,"GAMMARID AMPHIPOD","Skate",0.243,1,"21-25","other","other"
6967,NA,"HYPERID AMPHIPOD","Skate",0.032,1,"21-25","other","other"
9980,NA,"UNIDENTIFIED MATERIAL","Skate",0.665,NA,"21-25","Unidentified material","other"
6967,81,"HYPERID AMPHIPOD","Greenland halibut",0.181,NA,"11-15","other","other"
6967,NA,"HYPERID AMPHIPOD","Greenland halibut",0.05,1,"11-15","other","other"
6967,81,"HYPERID AMPHIPOD","Greenland halibut",0.072,NA,"11-15","other","other"
6967,NA,"HYPERID AMPHIPOD","Greenland halibut",0.016,1,"11-15","other","other"
6967,NA,"HYPERID AMPHIPOD","Greenland halibut",0.075,2,"6-10","other","other"
6967,81,"HYPERID AMPHIPOD","Greenland halibut",0.158,NA,"6-10","other","other"
9980,NA,"UNIDENTIFIED MATERIAL","Greenland halibut",0.065,NA,"6-10","Unidentified material","other"
6967,NA,"HYPERID AMPHIPOD","Greenland halibut",0.079,2,"6-10","other","other"
6967,81,"HYPERID AMPHIPOD","Greenland halibut",0.159,NA,"6-10","other","other"
4950,81,"POLYCHAETE","Skate",0.893,NA,"16-20","other","other"
6930,81,"AMPHIPOD","Skate",0.481,NA,"16-20","other","other"
6000,81,"CRUSTACEAN","Skate",0.274,NA,"16-20","other","other"
6996,NA,"GAMMARID AMPHIPOD","Skate",0.051,1,"16-20","other","other"
9998,NA,"EMPTY","Skate",NA,NA,"16-20","other","other"
4545,81,"CEPHALOPOD","Skate",0.031,NA,"21-25","other","other"
4950,81,"POLYCHAETE","Skate",0.04,NA,"21-25","other","other"
9980,NA,"UNIDENTIFIED MATERIAL","Skate",0.695,NA,"21-25","Unidentified material","other"
999,81,"UNIDENTIFIED FISH","Skate",0.299,NA,"26-30","other","other"
9980,NA,"UNIDENTIFIED MATERIAL","Skate",1.13,NA,"26-30","Unidentified material","other"
6000,81,"CRUSTACEAN","Skate",0.137,NA,"21-25","other","other"
9980,NA,"UNIDENTIFIED MATERIAL","Skate",0.344,NA,"21-25","Unidentified material","other"
4950,81,"POLYCHAETE","Skate",0.542,NA,"21-25","other","other"
4950,81,"POLYCHAETE","Skate",1.374,NA,"26-30","other","other"
6000,81,"CRUSTACEAN","Skate",0.583,NA,"26-30","other","other"
8020,81,"SHRIMP/SHRIMP SAMPLE","Skate",0.775,NA,"26-30","other","other"
9980,NA,"UNIDENTIFIED MATERIAL","Skate",1.727,NA,"26-30","Unidentified material","other"
4950,81,"POLYCHAETE","Skate",0.126,NA,"21-25","other","other"
6930,81,"AMPHIPOD","Skate",0.734,NA,"21-25","other","other"
4846,86,"OCTOPUS","Skate",3.023,NA,"31-35","other","other"
6930,81,"AMPHIPOD","Skate",0.645,NA,"21-25","other","other"
4950,81,"POLYCHAETE","Skate",0.737,NA,"21-25","other","other"
6000,81,"CRUSTACEAN","Skate",0.293,NA,"21-25","other","other"
9980,NA,"UNIDENTIFIED MATERIAL","Skate",1.615,NA,"21-25","Unidentified material","other"
726,88,"EELPOUT","Skate",59.24,1,"46-50","other","other"
8111,NA,"SHRIMP","Skate",5.476,1,"41-45","borealis","Shrimp"
4950,81,"POLYCHAETE","Skate",1.435,NA,"41-45","other","other"
9980,NA,"UNIDENTIFIED MATERIAL","Skate",0.879,NA,"41-45","Unidentified material","other"
10011,81,"SQUID","Skate",29.993,NA,"41-45","other","other"
6930,81,"AMPHIPOD","Skate",0.052,NA,"21-25","other","other"
4950,81,"POLYCHAETE","Skate",0.198,NA,"21-25","other","other"
10560,NA,"MYSID","Skate",0.013,1,"11-15","other","other"
6967,NA,"HYPERID AMPHIPOD","Skate",0.026,1,"11-15","other","other"
6967,NA,"HYPERID AMPHIPOD","Skate",0.015,1,"11-15","other","other"
6930,81,"AMPHIPOD","Skate",0.205,NA,"11-15","other","other"
9980,NA,"UNIDENTIFIED MATERIAL","Skate",0.644,NA,"11-15","Unidentified material","other"
999,81,"UNIDENTIFIED FISH","Skate",0.835,NA,"31-35","other","other"
4950,81,"POLYCHAETE","Skate",0.03,NA,"31-35","other","other"
6000,81,"CRUSTACEAN","Skate",0.272,NA,"31-35","other","other"
6763,NA,"ISOPOD","Skate",0.02,1,"31-35","other","other"
9980,NA,"UNIDENTIFIED MATERIAL","Skate",1.708,NA,"31-35","Unidentified material","other"
7389,NA,"GAMMARID AMPHIPOD","Skate",0.763,1,"26-30","other","other"
7211,NA,"GAMMARID AMPHIPOD","Skate",0.854,1,"26-30","other","other"
4950,81,"POLYCHAETE","Skate",0.226,NA,"26-30","other","other"
4950,81,"POLYCHAETE","Skate",2.88,NA,"36-40","other","other"
6930,81,"AMPHIPOD","Skate",2.486,NA,"36-40","other","other"
6000,81,"CRUSTACEAN","Skate",2.497,NA,"36-40","other","other"
7389,81,"GAMMARID AMPHIPOD","Skate",10.205,NA,"36-40","other","other"
7389,NA,"GAMMARID AMPHIPOD","Skate",14.028,10,"36-40","other","other"
6846,NA,"ISOPOD","Skate",0.568,1,"36-40","other","other"
9980,NA,"UNIDENTIFIED MATERIAL","Skate",4.872,NA,"36-40","Unidentified material","other"
4950,81,"POLYCHAETE","Skate",3.782,NA,"36-40","other","other"
6000,81,"CRUSTACEAN","Skate",2.081,NA,"36-40","other","other"
6930,81,"AMPHIPOD","Skate",2.023,NA,"36-40","other","other"
9980,NA,"UNIDENTIFIED MATERIAL","Skate",4.883,NA,"36-40","Unidentified material","other"
6967,81,"HYPERID AMPHIPOD","Skate",0.096,NA,"36-40","other","other"
6930,81,"AMPHIPOD","Skate",0.19,NA,"36-40","other","other"
999,81,"UNIDENTIFIED FISH","Skate",0.937,NA,"36-40","other","other"
999,88,"UNIDENTIFIED FISH","Skate",0,NA,"36-40","other","other"
6000,81,"CRUSTACEAN","Skate",3.277,NA,"36-40","other","other"
999,81,"UNIDENTIFIED FISH","Skate",3.218,NA,"41-45","other","other"
6930,81,"AMPHIPOD","Skate",2.48,NA,"41-45","other","other"
6000,81,"CRUSTACEAN","Skate",2.375,NA,"41-45","other","other"
9980,NA,"UNIDENTIFIED MATERIAL","Skate",11.52,NA,"41-45","Unidentified material","other"
4545,81,"CEPHALOPOD","Skate",0.06,NA,"41-45","other","other"
8530,81,"BRITTLE STAR","Skate",0.114,NA,"41-45","other","other"
999,88,"UNIDENTIFIED FISH","Skate",1.879,1,"41-45","other","other"
999,81,"UNIDENTIFIED FISH","Skate",1.754,NA,"41-45","other","other"
725,88,"EELPOUTS","Skate",12.045,1,"41-45","other","other"
9980,NA,"UNIDENTIFIED MATERIAL","Skate",14.436,NA,"41-45","Unidentified material","other"
9998,NA,"EMPTY","Skate",NA,NA,"36-40","other","other"
9998,NA,"EMPTY","Skate",NA,NA,"36-40","other","other"
6000,81,"CRUSTACEAN","Skate",0.049,NA,"36-40","other","other"
4950,81,"POLYCHAETE","Skate",0.092,NA,"36-40","other","other"
999,88,"UNIDENTIFIED FISH","Skate",0,NA,"36-40","other","other"
9980,NA,"UNIDENTIFIED MATERIAL","Skate",2.363,NA,"36-40","Unidentified material","other"
999,88,"UNIDENTIFIED FISH","Skate",0,NA,"36-40","other","other"
8112,NA,"SHRIMP","Skate",5.373,1,"26-30","montagui","Shrimp"
6930,NA,"AMPHIPOD","Skate",0.642,1,"26-30","other","other"
9998,NA,"EMPTY","Skate",NA,NA,"36-40","other","other"
9980,NA,"UNIDENTIFIED MATERIAL","Skate",0.257,NA,"21-25","Unidentified material","other"
4950,81,"POLYCHAETE","Skate",0.952,NA,"21-25","other","other"
8020,81,"SHRIMP/SHRIMP SAMPLE","Skate",4.846,NA,"21-25","other","other"
6000,81,"CRUSTACEAN","Skate",0.503,NA,"16-20","other","other"
9980,NA,"UNIDENTIFIED MATERIAL","Skate",0.41,NA,"16-20","Unidentified material","other"
9998,NA,"EMPTY","Skate",NA,NA,"26-30","other","other"
6960,NA,"HYPERID AMPHIPOD (FAMILY)","Skate",0.165,1,"36-40","other","other"
6930,81,"AMPHIPOD","Skate",0.835,NA,"36-40","other","other"
999,81,"UNIDENTIFIED FISH","Skate",2.651,NA,"36-40","other","other"
451,88,"ARCTIC COD","Skate",0,NA,"36-40","other","other"
451,88,"ARCTIC COD","Skate",0,NA,"36-40","other","other"
9980,NA,"UNIDENTIFIED MATERIAL","Skate",6.391,NA,"36-40","Unidentified material","other"
999,81,"UNIDENTIFIED FISH","Skate",0.058,NA,"31-35","other","other"
999,88,"UNIDENTIFIED FISH","Skate",0,NA,"31-35","other","other"
999,88,"UNIDENTIFIED FISH","Skate",0,NA,"31-35","other","other"
9980,NA,"UNIDENTIFIED MATERIAL","Skate",1.85,NA,"31-35","Unidentified material","other"
8020,81,"SHRIMP/SHRIMP SAMPLE","Skate",3.383,NA,"31-35","other","other"
6000,81,"CRUSTACEAN","Skate",0.688,NA,"26-30","other","other"
4950,81,"POLYCHAETE","Skate",0.573,NA,"26-30","other","other"
6000,81,"CRUSTACEAN","Skate",3.255,NA,"26-30","other","other"
8111,81,"SHRIMP","Skate",0.082,NA,"26-30","borealis","Shrimp"
4545,86,"CEPHALOPOD","Skate",0.021,NA,"26-30","other","other"
4949,NA,"ANNELID","Skate",0.017,1,"26-30","other","other"
6967,NA,"HYPERID AMPHIPOD","Skate",0.041,2,"26-30","other","other"
9980,NA,"UNIDENTIFIED MATERIAL","Skate",8.337,NA,"26-30","Unidentified material","other"
6000,81,"CRUSTACEAN","Skate",0.59,NA,"21-25","other","other"
9980,NA,"UNIDENTIFIED MATERIAL","Skate",0.625,NA,"21-25","Unidentified material","other"
6967,NA,"HYPERID AMPHIPOD","Redfish",1.861,101,"16-20","other","other"
6967,81,"HYPERID AMPHIPOD","Redfish",0.77,NA,"16-20","other","other"
7934,NA,"MYSID","Redfish",0.518,1,"16-20","other","other"
6967,81,"HYPERID AMPHIPOD","Redfish",0.102,NA,"21-25","other","other"
6967,NA,"HYPERID AMPHIPOD","Redfish",14.223,703,"21-25","other","other"
6967,81,"HYPERID AMPHIPOD","Redfish",1.256,NA,"21-25","other","other"
7934,NA,"MYSID","Redfish",0.275,1,"21-25","other","other"
8111,NA,"SHRIMP","Skate",4.201,1,"31-35","borealis","Shrimp"
8110,81,"SHRIMP","Skate",12.04,NA,"31-35","Pandalus","Shrimp"
4545,81,"CEPHALOPOD","Skate",0.247,NA,"41-45","other","other"
8020,81,"SHRIMP/SHRIMP SAMPLE","Skate",8.527,NA,"41-45","other","other"
8111,NA,"SHRIMP","Skate",8.182,1,"31-35","borealis","Shrimp"
8110,81,"SHRIMP","Skate",2.25,NA,"31-35","Pandalus","Shrimp"
8111,NA,"SHRIMP","Skate",8.436,1,"26-30","borealis","Shrimp"
8020,81,"SHRIMP/SHRIMP SAMPLE","Skate",8.398,NA,"26-30","other","other"
8020,81,"SHRIMP/SHRIMP SAMPLE","Skate",2.298,NA,"31-35","other","other"
9998,NA,"EMPTY","Redfish",NA,NA,"16-20","other","other"
9998,NA,"EMPTY","Redfish",NA,NA,"21-25","other","other"
9998,NA,"EMPTY","Greenland halibut",NA,NA,"26-30","other","other"
813,88,"MAILED SCULPINS","Greenland halibut",3.902,1,"41-45","other","other"
813,88,"MAILED SCULPINS","Greenland halibut",12.884,1,"41-45","other","other"
8020,81,"SHRIMP/SHRIMP SAMPLE","Greenland halibut",9.714,NA,"41-45","other","other"
815,88,"ARCTIC MAILED SCULPIN","Greenland halibut",3.316,1,"46-50","other","other"
815,88,"ARCTIC MAILED SCULPIN","Greenland halibut",3.338,1,"46-50","other","other"
999,81,"UNIDENTIFIED FISH","Greenland halibut",11.679,NA,"46-50","other","other"
999,81,"UNIDENTIFIED FISH","Greenland halibut",12.259,NA,"46-50","other","other"
8111,NA,"SHRIMP","Skate",14.129,1,"36-40","borealis","Shrimp"
8020,81,"SHRIMP/SHRIMP SAMPLE","Skate",13.277,NA,"36-40","other","other"
4950,81,"POLYCHAETE","Skate",0.507,NA,"36-40","other","other"
4846,NA,"OCTOPUS","Skate",1.564,1,"36-40","other","other"
7389,NA,"GAMMARID AMPHIPOD","Skate",1.689,1,"41-45","other","other"
6930,81,"AMPHIPOD","Skate",1.473,NA,"41-45","other","other"
999,81,"UNIDENTIFIED FISH","Skate",16.257,NA,"41-45","other","other"
999,88,"UNIDENTIFIED FISH","Skate",0,NA,"41-45","other","other"
999,88,"UNIDENTIFIED FISH","Skate",0,NA,"41-45","other","other"
999,88,"UNIDENTIFIED FISH","Skate",0,NA,"41-45","other","other"
8020,81,"SHRIMP/SHRIMP SAMPLE","Skate",2.829,NA,"46-50","other","other"
999,81,"UNIDENTIFIED FISH","Skate",6.35,NA,"46-50","other","other"
999,88,"UNIDENTIFIED FISH","Skate",0,NA,"46-50","other","other"
9980,NA,"UNIDENTIFIED MATERIAL","Skate",10.637,NA,"46-50","Unidentified material","other"
8111,NA,"SHRIMP","Skate",7.667,1,"41-45","borealis","Shrimp"
999,81,"UNIDENTIFIED FISH","Skate",5.654,NA,"41-45","other","other"
8020,81,"SHRIMP/SHRIMP SAMPLE","Skate",3.273,NA,"41-45","other","other"
6967,81,"HYPERID AMPHIPOD","Skate",0.082,NA,"41-45","other","other"
9980,NA,"UNIDENTIFIED MATERIAL","Skate",8.434,NA,"41-45","Unidentified material","other"
8020,81,"SHRIMP/SHRIMP SAMPLE","Skate",9.701,NA,"46-50","other","other"
9998,NA,"EMPTY","Skate",NA,NA,"36-40","other","other"
8020,81,"SHRIMP/SHRIMP SAMPLE","Skate",4.034,NA,"41-45","other","other"
815,88,"ARCTIC MAILED SCULPIN","Skate",1.304,1,"41-45","other","other"
6000,81,"CRUSTACEAN","Skate",2.381,NA,"41-45","other","other"
8111,NA,"SHRIMP","Skate",6.073,1,"41-45","borealis","Shrimp"
999,81,"UNIDENTIFIED FISH","Skate",1.89,NA,"41-45","other","other"
999,88,"UNIDENTIFIED FISH","Skate",0,NA,"41-45","other","other"
4545,NA,"CEPHALOPOD","Skate",7.516,1,"41-45","other","other"
8112,81,"SHRIMP","Skate",7.446,NA,"41-45","montagui","Shrimp"
8530,NA,"BRITTLE STAR","Skate",0.043,1,"41-45","other","other"
999,NA,"UNIDENTIFIED FISH","Skate",1.922,1,"41-45","other","other"
9980,NA,"UNIDENTIFIED MATERIAL","Skate",6.727,NA,"41-45","Unidentified material","other"
8111,81,"SHRIMP","Greenland halibut",16.454,NA,"46-50","borealis","Shrimp"
8020,81,"SHRIMP/SHRIMP SAMPLE","Greenland halibut",13.262,NA,"46-50","other","other"
8111,NA,"SHRIMP","Greenland halibut",16.1,2,"46-50","borealis","Shrimp"
8020,81,"SHRIMP/SHRIMP SAMPLE","Skate",15.454,NA,"36-40","other","other"
8020,81,"SHRIMP/SHRIMP SAMPLE","Skate",5.937,NA,"46-50","other","other"
4545,86,"CEPHALOPOD","Skate",0.156,NA,"46-50","other","other"
999,88,"UNIDENTIFIED FISH","Skate",7.563,1,"46-50","other","other"
9998,NA,"EMPTY","Skate",NA,NA,"41-45","other","other"
8020,81,"SHRIMP/SHRIMP SAMPLE","Greenland halibut",0.821,NA,"56-60","other","other"
999,81,"UNIDENTIFIED FISH","Greenland halibut",33.034,NA,"56-60","other","other"
9998,NA,"EMPTY","Skate",NA,NA,"36-40","other","other"
10011,81,"SQUID","Skate",21.1,NA,"46-50","other","other"
8111,NA,"SHRIMP","Skate",8.586,1,"46-50","borealis","Shrimp"
8020,81,"SHRIMP/SHRIMP SAMPLE","Skate",10.197,NA,"46-50","other","other"
999,81,"UNIDENTIFIED FISH","Skate",36.392,NA,"46-50","other","other"
999,88,"UNIDENTIFIED FISH","Skate",0,NA,"46-50","other","other"
999,88,"UNIDENTIFIED FISH","Skate",0,NA,"46-50","other","other"
9998,NA,"EMPTY","Skate",NA,NA,"41-45","other","other"
8111,NA,"SHRIMP","Redfish",8.3,1,"31-35","borealis","Shrimp"
8074,NA,"SHRIMP","Greenland halibut",3.216,1,"56-60","other","other"
8020,81,"SHRIMP/SHRIMP SAMPLE","Greenland halibut",1.976,NA,"56-60","other","other"
8111,NA,"SHRIMP","Greenland halibut",19.2,3,"56-60","borealis","Shrimp"
893,88,"HALIBUT (ATLANTIC)","Greenland halibut",35.77,1,"56-60","other","other"
999,81,"UNIDENTIFIED FISH","Greenland halibut",0.576,NA,"56-60","other","other"
9980,NA,"UNIDENTIFIED MATERIAL","Greenland halibut",22.559,NA,"56-60","Unidentified material","other"
9998,NA,"EMPTY","Greenland halibut",NA,NA,"51-55","other","other"
8111,NA,"SHRIMP","Greenland halibut",6.446,1,"51-55","borealis","Shrimp"
8111,81,"SHRIMP","Greenland halibut",4.77,NA,"51-55","borealis","Shrimp"
8020,NA,"SHRIMP/SHRIMP SAMPLE","Greenland halibut",10.622,1,"51-55","other","other"
8020,NA,"SHRIMP/SHRIMP SAMPLE","Greenland halibut",12.885,2,"51-55","other","other"
8111,NA,"SHRIMP","Greenland halibut",9.984,1,"51-55","borealis","Shrimp"
8110,NA,"SHRIMP","Greenland halibut",13.825,3,"51-55","Pandalus","Shrimp"
8020,81,"SHRIMP/SHRIMP SAMPLE","Greenland halibut",9.971,NA,"51-55","other","other"
8020,81,"SHRIMP/SHRIMP SAMPLE","Greenland halibut",12.256,NA,"51-55","other","other"
882,NA,"FLATFISH","Greenland halibut",30.374,1,"51-55","other","other"
6967,81,"HYPERID AMPHIPOD","Greenland halibut",0.041,NA,"51-55","other","other"
1101,81,"SPONGE","Greenland halibut",0.721,NA,"51-55","other","other"
8020,81,"SHRIMP/SHRIMP SAMPLE","Skate",41.395,NA,"41-45","other","other"
999,81,"UNIDENTIFIED FISH","Skate",8.56,NA,"41-45","other","other"
8020,81,"SHRIMP/SHRIMP SAMPLE","Skate",4.681,NA,"41-45","other","other"
9980,NA,"UNIDENTIFIED MATERIAL","Skate",9.989,NA,"41-45","Unidentified material","other"
999,88,"UNIDENTIFIED FISH","Skate",0,NA,"41-45","other","other"
999,88,"UNIDENTIFIED FISH","Skate",0,NA,"41-45","other","other"
999,88,"UNIDENTIFIED FISH","Skate",0,NA,"41-45","other","other"
4950,81,"POLYCHAETE","Skate",0.587,NA,"41-45","other","other"
9980,NA,"UNIDENTIFIED MATERIAL","Skate",6.133,NA,"41-45","Unidentified material","other"
9998,NA,"EMPTY","Skate",NA,NA,"46-50","other","other"
8020,81,"SHRIMP/SHRIMP SAMPLE","Skate",26.876,NA,"46-50","other","other"
4950,81,"POLYCHAETE","Skate",1.525,NA,"46-50","other","other"
6930,81,"AMPHIPOD","Skate",0.128,NA,"46-50","other","other"
999,90,"UNIDENTIFIED FISH","Skate",0.09,NA,"46-50","other","other"
9980,NA,"UNIDENTIFIED MATERIAL","Skate",17.09,NA,"46-50","Unidentified material","other"
4950,81,"POLYCHAETE","Skate",0.885,NA,"26-30","other","other"
6930,81,"AMPHIPOD","Skate",0.374,NA,"26-30","other","other"
6000,81,"CRUSTACEAN","Skate",0.681,NA,"26-30","other","other"
9980,NA,"UNIDENTIFIED MATERIAL","Skate",1.035,NA,"26-30","Unidentified material","other"
8020,81,"SHRIMP/SHRIMP SAMPLE","Skate",3.805,NA,"31-35","other","other"
7881,NA,"CAPRELLID","Skate",0.019,1,"31-35","other","other"
6996,NA,"GAMMARID AMPHIPOD","Skate",0.081,1,"31-35","other","other"
999,81,"UNIDENTIFIED FISH","Skate",0.282,NA,"46-50","other","other"
6967,81,"HYPERID AMPHIPOD","Skate",0.028,NA,"46-50","other","other"
8020,81,"SHRIMP/SHRIMP SAMPLE","Skate",2.535,NA,"46-50","other","other"
9980,NA,"UNIDENTIFIED MATERIAL","Skate",8.97,NA,"46-50","Unidentified material","other"
8020,81,"SHRIMP/SHRIMP SAMPLE","Skate",18.351,NA,"46-50","other","other"
999,81,"UNIDENTIFIED FISH","Skate",1.865,NA,"46-50","other","other"
9980,NA,"UNIDENTIFIED MATERIAL","Skate",11.587,NA,"46-50","Unidentified material","other"
9998,NA,"EMPTY","Skate",NA,NA,"31-35","other","other"
9980,NA,"UNIDENTIFIED MATERIAL","Skate",0.966,NA,"46-50","Unidentified material","other"
6967,NA,"HYPERID AMPHIPOD","Redfish",0.054,1,"11-15","other","other"
6000,81,"CRUSTACEAN","Redfish",0.149,NA,"11-15","other","other"
9998,NA,"EMPTY","Greenland halibut",NA,NA,"26-30","other","other"
7935,NA,"MYSID","Greenland halibut",0.305,1,"26-30","other","other"
9980,NA,"UNIDENTIFIED MATERIAL","Greenland halibut",0.952,NA,"26-30","Unidentified material","other"
6000,81,"CRUSTACEAN","Greenland halibut",0.167,NA,"26-30","other","other"
10011,NA,"SQUID","Greenland halibut",3.745,1,"16-20","other","other"
7935,NA,"MYSID","Skate",0.044,1,"31-35","other","other"
7935,81,"MYSID","Skate",0.984,NA,"31-35","other","other"
8020,81,"SHRIMP/SHRIMP SAMPLE","Skate",1.203,NA,"31-35","other","other"
4949,81,"ANNELID","Skate",0.247,NA,"31-35","other","other"
6000,81,"CRUSTACEAN","Skate",4.405,NA,"31-35","other","other"
7935,NA,"MYSID","Skate",2.059,3,"46-50","other","other"
10560,81,"MYSID","Skate",5.541,NA,"46-50","other","other"
8112,NA,"SHRIMP","Greenland halibut",7.3,1,"66-70","montagui","Shrimp"
8112,NA,"SHRIMP","Greenland halibut",9.956,1,"61-65","montagui","Shrimp"
853,88,"SEASNAILS","Greenland halibut",6.739,1,"61-65","other","other"
999,81,"UNIDENTIFIED FISH","Greenland halibut",2.201,NA,"61-65","other","other"
8020,81,"SHRIMP/SHRIMP SAMPLE","Greenland halibut",5.17,NA,"61-65","other","other"
853,88,"SEASNAILS","Greenland halibut",0,NA,"61-65","other","other"
8112,NA,"SHRIMP","Greenland halibut",7.853,1,"76-80","montagui","Shrimp"
853,88,"SEASNAILS","Greenland halibut",2.387,1,"76-80","other","other"
853,88,"SEASNAILS","Greenland halibut",0,NA,"76-80","other","other"
999,81,"UNIDENTIFIED FISH","Greenland halibut",11.157,NA,"76-80","other","other"
7935,NA,"MYSID","Greenland halibut",0.717,1,"16-20","other","other"
6000,81,"CRUSTACEAN","Greenland halibut",0.219,NA,"16-20","other","other"
999,81,"UNIDENTIFIED FISH","Skate",0.724,NA,"31-35","other","other"
9980,NA,"UNIDENTIFIED MATERIAL","Skate",2.381,NA,"26-30","Unidentified material","other"
8020,81,"SHRIMP/SHRIMP SAMPLE","Skate",9.264,NA,"31-35","other","other"
7935,NA,"MYSID","Skate",0.521,1,"36-40","other","other"
7935,81,"MYSID","Skate",0.663,NA,"36-40","other","other"
8020,81,"SHRIMP/SHRIMP SAMPLE","Skate",5.544,NA,"36-40","other","other"
999,81,"UNIDENTIFIED FISH","Skate",3.813,NA,"36-40","other","other"
8112,81,"SHRIMP","Skate",4.761,NA,"46-50","montagui","Shrimp"
999,81,"UNIDENTIFIED FISH","Skate",15.826,NA,"46-50","other","other"
999,88,"UNIDENTIFIED FISH","Skate",0,NA,"46-50","other","other"
815,88,"ARCTIC MAILED SCULPIN","Greenland halibut",3.612,1,"36-40","other","other"
8112,NA,"SHRIMP","Greenland halibut",2.093,1,"36-40","montagui","Shrimp"
999,81,"UNIDENTIFIED FISH","Skate",3.305,NA,"41-45","other","other"
6930,81,"AMPHIPOD","Skate",2.318,NA,"41-45","other","other"
4846,81,"OCTOPUS","Skate",6.36,NA,"41-45","other","other"
8530,81,"BRITTLE STAR","Skate",0.036,NA,"41-45","other","other"
4950,81,"POLYCHAETE","Skate",2.571,NA,"41-45","other","other"
4950,81,"POLYCHAETE","Skate",2.595,NA,"41-45","other","other"
7389,NA,"GAMMARID AMPHIPOD","Skate",1.975,1,"41-45","other","other"
7211,NA,"GAMMARID AMPHIPOD","Skate",3.145,3,"41-45","other","other"
999,88,"UNIDENTIFIED FISH","Skate",0,NA,"41-45","other","other"
9980,NA,"UNIDENTIFIED MATERIAL","Skate",16.695,NA,"41-45","Unidentified material","other"
7935,NA,"MYSID","Redfish",1.004,2,"21-25","other","other"
7933,81,"MYSID","Redfish",0.968,NA,"21-25","other","other"
6000,81,"CRUSTACEAN","Redfish",0.053,NA,"21-25","other","other"
4545,81,"CEPHALOPOD","Skate",0.183,NA,"31-35","other","other"
6000,81,"CRUSTACEAN","Skate",6.466,NA,"31-35","other","other"
4949,81,"ANNELID","Skate",0.267,NA,"31-35","other","other"
9980,NA,"UNIDENTIFIED MATERIAL","Skate",0.674,NA,"31-35","Unidentified material","other"
4950,81,"POLYCHAETE","Skate",0.4,NA,"31-35","other","other"
8055,NA,"SHRIMP","Skate",8.898,1,"41-45","other","other"
8020,81,"SHRIMP/SHRIMP SAMPLE","Skate",8.41,NA,"41-45","other","other"
8112,NA,"SHRIMP","Skate",4.686,1,"36-40","montagui","Shrimp"
8110,81,"SHRIMP","Skate",3.124,NA,"36-40","Pandalus","Shrimp"
999,81,"UNIDENTIFIED FISH","Skate",4.909,NA,"41-45","other","other"
6000,81,"CRUSTACEAN","Skate",0.099,NA,"41-45","other","other"
4950,81,"POLYCHAETE","Skate",0.049,NA,"41-45","other","other"
9980,NA,"UNIDENTIFIED MATERIAL","Skate",8.313,NA,"41-45","Unidentified material","other"
6000,81,"CRUSTACEAN","Skate",4.96,NA,"41-45","other","other"
9980,NA,"UNIDENTIFIED MATERIAL","Skate",4.988,NA,"41-45","Unidentified material","other"
9998,NA,"EMPTY","Skate",NA,NA,"36-40","other","other"
999,81,"UNIDENTIFIED FISH","Skate",8.084,NA,"36-40","other","other"
999,88,"UNIDENTIFIED FISH","Skate",0,NA,"36-40","other","other"
999,88,"UNIDENTIFIED FISH","Skate",0,NA,"36-40","other","other"
9998,NA,"EMPTY","Skate",NA,NA,"41-45","other","other"
8020,81,"SHRIMP/SHRIMP SAMPLE","Skate",1.851,NA,"31-35","other","other"
10097,NA,"GAMMARID AMPHIPOD","Skate",0.812,1,"31-35","other","other"
8020,81,"SHRIMP/SHRIMP SAMPLE","Skate",2.653,NA,"36-40","other","other"
4950,81,"POLYCHAETE","Skate",5.194,NA,"36-40","other","other"
4545,86,"CEPHALOPOD","Skate",0.197,NA,"56-60","other","other"
8020,81,"SHRIMP/SHRIMP SAMPLE","Skate",9.303,NA,"56-60","other","other"
8111,81,"SHRIMP","Skate",3.38,NA,"51-55","borealis","Shrimp"
4950,81,"POLYCHAETE","Skate",0.189,NA,"36-40","other","other"
8111,8,"SHRIMP","Skate",3.787,1,"36-40","borealis","Shrimp"
6000,81,"CRUSTACEAN","Skate",2.5,NA,"36-40","other","other"
6967,81,"HYPERID AMPHIPOD","Skate",1.984,NA,"41-45","other","other"
8020,81,"SHRIMP/SHRIMP SAMPLE","Skate",0.874,NA,"41-45","other","other"
9980,NA,"UNIDENTIFIED MATERIAL","Skate",3.842,NA,"41-45","Unidentified material","other"
6000,81,"CRUSTACEAN","Skate",0.044,NA,"41-45","other","other"
9980,NA,"UNIDENTIFIED MATERIAL","Skate",2.156,NA,"41-45","Unidentified material","other"
8138,NA,"SHRIMP","Skate",12.148,1,"41-45","other","other"
8020,81,"SHRIMP/SHRIMP SAMPLE","Skate",10.774,NA,"51-55","other","other"
6000,81,"CRUSTACEAN","Skate",0.906,NA,"46-50","other","other"
4545,81,"CEPHALOPOD","Skate",0.129,NA,"46-50","other","other"
9980,NA,"UNIDENTIFIED MATERIAL","Skate",2.855,NA,"46-50","Unidentified material","other"
6000,81,"CRUSTACEAN","Skate",0.034,NA,"46-50","other","other"
6000,81,"CRUSTACEAN","Skate",1.29,NA,"46-50","other","other"
999,90,"UNIDENTIFIED FISH","Skate",0.272,NA,"46-50","other","other"
6000,81,"CRUSTACEAN","Skate",0.135,NA,"46-50","other","other"
9980,NA,"UNIDENTIFIED MATERIAL","Skate",2.212,NA,"46-50","Unidentified material","other"
9998,NA,"EMPTY","Skate",NA,NA,"51-55","other","other"
8111,81,"SHRIMP","Skate",0.425,NA,"46-50","borealis","Shrimp"
999,81,"UNIDENTIFIED FISH","Skate",6.155,NA,"46-50","other","other"
9980,NA,"UNIDENTIFIED MATERIAL","Skate",9.652,NA,"46-50","Unidentified material","other"
999,88,"UNIDENTIFIED FISH","Skate",0,NA,"46-50","other","other"
726,NA,"EELPOUT","Skate",61.448,1,"51-55","other","other"
726,88,"EELPOUT","Skate",0,NA,"51-55","other","other"
726,88,"EELPOUT","Skate",0,NA,"51-55","other","other"
8530,81,"BRITTLE STAR","Skate",3.722,NA,"51-55","other","other"
8530,81,"BRITTLE STAR","Skate",3.082,NA,"51-55","other","other"
999,90,"UNIDENTIFIED FISH","Skate",0.64,NA,"51-55","other","other"
8020,81,"SHRIMP/SHRIMP SAMPLE","Skate",0.11,NA,"46-50","other","other"
6000,81,"CRUSTACEAN","Skate",1.518,NA,"46-50","other","other"
999,81,"UNIDENTIFIED FISH","Skate",0.018,NA,"46-50","other","other"
9998,NA,"EMPTY","Skate",NA,NA,"51-55","other","other"
9998,NA,"EMPTY","Skate",NA,NA,"51-55","other","other"
9980,NA,"UNIDENTIFIED MATERIAL","Skate",6.198,NA,"46-50","Unidentified material","other"
6000,81,"CRUSTACEAN","Skate",0.155,NA,"46-50","other","other"
7935,81,"MYSID","Skate",0.63,NA,"46-50","other","other"
999,90,"UNIDENTIFIED FISH","Skate",0.099,NA,"46-50","other","other"
4949,NA,"ANNELID","Skate",0.11,1,"41-45","other","other"
6967,81,"HYPERID AMPHIPOD","Greenland halibut",0.15,NA,"11-15","other","other"
6967,81,"HYPERID AMPHIPOD","Greenland halibut",0.262,NA,"11-15","other","other"
6967,81,"HYPERID AMPHIPOD","Greenland halibut",0.087,NA,"11-15","other","other"
9998,NA,"EMPTY","Greenland halibut",NA,NA,"16-20","other","other"
6967,81,"HYPERID AMPHIPOD","Greenland halibut",0.381,NA,"16-20","other","other"
7935,NA,"MYSID","Greenland halibut",0.082,1,"16-20","other","other"
6967,NA,"HYPERID AMPHIPOD","Greenland halibut",0.055,1,"16-20","other","other"
6000,81,"CRUSTACEAN","Greenland halibut",0.062,NA,"16-20","other","other"
4769,NA,"SQUID","Greenland halibut",2.062,1,"16-20","other","other"
4769,NA,"SQUID","Greenland halibut",1.5,1,"21-25","other","other"
8112,NA,"SHRIMP","Greenland halibut",2.732,1,"21-25","montagui","Shrimp"
7935,NA,"MYSID","Greenland halibut",0.287,1,"21-25","other","other"
6930,81,"AMPHIPOD","Greenland halibut",0.022,NA,"21-25","other","other"
6000,81,"CRUSTACEAN","Greenland halibut",0.211,NA,"21-25","other","other"
9980,NA,"UNIDENTIFIED MATERIAL","Greenland halibut",0.543,NA,"21-25","Unidentified material","other"
7935,NA,"MYSID","Greenland halibut",0.873,1,"26-30","other","other"
7935,81,"MYSID","Greenland halibut",0.084,NA,"26-30","other","other"
10011,81,"SQUID","Greenland halibut",0.255,NA,"26-30","other","other"
7935,NA,"MYSID","Greenland halibut",0.987,1,"31-35","other","other"
859,88,"GELATINOUS SEASNAIL","Greenland halibut",2.725,1,"31-35","other","other"
7935,NA,"MYSID","Greenland halibut",0.616,3,"31-35","other","other"
8112,NA,"SHRIMP","Greenland halibut",7.675,2,"36-40","montagui","Shrimp"
999,81,"UNIDENTIFIED FISH","Greenland halibut",8.109,NA,"36-40","other","other"
9998,NA,"EMPTY","Greenland halibut",NA,NA,"36-40","other","other"
8111,NA,"SHRIMP","Greenland halibut",14.917,2,"41-45","borealis","Shrimp"
8110,81,"SHRIMP","Greenland halibut",5.916,NA,"41-45","Pandalus","Shrimp"
999,81,"UNIDENTIFIED FISH","Greenland halibut",3.688,NA,"41-45","other","other"
9980,NA,"UNIDENTIFIED MATERIAL","Greenland halibut",1.63,NA,"41-45","Unidentified material","other"
9998,NA,"EMPTY","Greenland halibut",NA,NA,"41-45","other","other"
8020,81,"SHRIMP/SHRIMP SAMPLE","Greenland halibut",6.571,NA,"41-45","other","other"
7933,81,"MYSID","Greenland halibut",0.986,NA,"46-50","other","other"
436,88,"GADOIDS","Greenland halibut",12.992,1,"46-50","other","other"
436,88,"GADOIDS","Greenland halibut",12.084,1,"46-50","other","other"
6967,NA,"HYPERID AMPHIPOD","Greenland halibut",0.225,3,"46-50","other","other"
6967,81,"HYPERID AMPHIPOD","Greenland halibut",0.472,NA,"46-50","other","other"
6000,81,"CRUSTACEAN","Greenland halibut",0.905,NA,"46-50","other","other"
999,81,"UNIDENTIFIED FISH","Greenland halibut",1.181,NA,"46-50","other","other"
999,88,"UNIDENTIFIED FISH","Greenland halibut",0,NA,"46-50","other","other"
9980,NA,"UNIDENTIFIED MATERIAL","Greenland halibut",17.157,NA,"46-50","Unidentified material","other"
6967,81,"HYPERID AMPHIPOD","Greenland halibut",0.234,NA,"46-50","other","other"
7935,81,"MYSID","Greenland halibut",0.05,NA,"46-50","other","other"
6000,81,"CRUSTACEAN","Greenland halibut",0.193,NA,"46-50","other","other"
7933,81,"MYSID","Greenland halibut",2.946,NA,"46-50","other","other"
7933,NA,"MYSID","Greenland halibut",1.456,5,"46-50","other","other"
7935,NA,"MYSID","Greenland halibut",9.24,33,"46-50","other","other"
999,81,"UNIDENTIFIED FISH","Greenland halibut",1.319,NA,"46-50","other","other"
999,88,"UNIDENTIFIED FISH","Greenland halibut",0,NA,"46-50","other","other"
999,88,"UNIDENTIFIED FISH","Greenland halibut",0,NA,"46-50","other","other"
999,88,"UNIDENTIFIED FISH","Greenland halibut",0,NA,"46-50","other","other"
999,88,"UNIDENTIFIED FISH","Greenland halibut",0,NA,"46-50","other","other"
9980,NA,"UNIDENTIFIED MATERIAL","Greenland halibut",4.37,NA,"46-50","Unidentified material","other"
9998,NA,"EMPTY","Greenland halibut",NA,NA,"51-55","other","other"
6000,81,"CRUSTACEAN","Greenland halibut",0.575,NA,"51-55","other","other"
999,81,"UNIDENTIFIED FISH","Greenland halibut",8.293,NA,"51-55","other","other"
7935,NA,"MYSID","Greenland halibut",8.268,14,"56-60","other","other"
7935,81,"MYSID","Greenland halibut",3.464,NA,"56-60","other","other"
7933,81,"MYSID","Greenland halibut",1.206,NA,"56-60","other","other"
7935,NA,"MYSID","Greenland halibut",2.16,3,"61-65","other","other"
7935,81,"MYSID","Greenland halibut",0.97,NA,"61-65","other","other"
7933,81,"MYSID","Greenland halibut",0.507,NA,"61-65","other","other"
8020,81,"SHRIMP/SHRIMP SAMPLE","Greenland halibut",0.124,NA,"61-65","other","other"
999,81,"UNIDENTIFIED FISH","Greenland halibut",0.194,NA,"61-65","other","other"
6000,81,"CRUSTACEAN","Greenland halibut",0.56,NA,"61-65","other","other"
999,88,"UNIDENTIFIED FISH","Greenland halibut",0,NA,"61-65","other","other"
999,88,"UNIDENTIFIED FISH","Greenland halibut",0,NA,"61-65","other","other"
9980,NA,"UNIDENTIFIED MATERIAL","Greenland halibut",3.164,NA,"61-65","Unidentified material","other"
6000,81,"CRUSTACEAN","Skate",1.55,NA,"41-45","other","other"
4950,81,"POLYCHAETE","Skate",5.084,NA,"41-45","other","other"
8111,NA,"SHRIMP","Skate",7.436,1,"21-25","borealis","Shrimp"
7933,81,"MYSID","Skate",0.127,NA,"26-30","other","other"
999,90,"UNIDENTIFIED FISH","Skate",0.019,NA,"26-30","other","other"
6000,81,"CRUSTACEAN","Skate",0.082,NA,"26-30","other","other"
4949,81,"ANNELID","Skate",0.474,NA,"26-30","other","other"
10275,NA,"GAMMARID AMPHIPOD","Skate",0.3,1,"26-30","other","other"
4950,81,"POLYCHAETE","Skate",0.13,NA,"26-30","other","other"
9980,NA,"UNIDENTIFIED MATERIAL","Skate",0.435,NA,"26-30","Unidentified material","other"
4950,81,"POLYCHAETE","Skate",0.086,NA,"21-25","other","other"
6000,81,"CRUSTACEAN","Skate",0.776,NA,"21-25","other","other"
9980,NA,"UNIDENTIFIED MATERIAL","Skate",0.189,NA,"21-25","Unidentified material","other"
6000,81,"CRUSTACEAN","Skate",0.432,NA,"16-20","other","other"
9980,NA,"UNIDENTIFIED MATERIAL","Skate",0.394,NA,"16-20","Unidentified material","other"
6000,81,"CRUSTACEAN","Greenland halibut",0.1,NA,"16-20","other","other"
999,81,"UNIDENTIFIED FISH","Greenland halibut",2.004,NA,"16-20","other","other"
853,88,"SEASNAILS","Greenland halibut",2.847,1,"16-20","other","other"
999,81,"UNIDENTIFIED FISH","Greenland halibut",1.28,NA,"21-25","other","other"
6930,81,"AMPHIPOD","Greenland halibut",0.625,NA,"21-25","other","other"
451,88,"ARCTIC COD","Greenland halibut",16.844,1,"26-30","other","other"
999,81,"UNIDENTIFIED FISH","Greenland halibut",5.462,NA,"26-30","other","other"
999,81,"UNIDENTIFIED FISH","Greenland halibut",3.044,NA,"26-30","other","other"
859,88,"GELATINOUS SEASNAIL","Greenland halibut",3.856,1,"31-35","other","other"
859,88,"GELATINOUS SEASNAIL","Greenland halibut",18.696,1,"31-35","other","other"
853,81,"SEASNAILS","Greenland halibut",6.763,1,"31-35","other","other"
859,88,"GELATINOUS SEASNAIL","Greenland halibut",2.361,1,"31-35","other","other"
859,88,"GELATINOUS SEASNAIL","Greenland halibut",2.587,1,"31-35","other","other"
859,88,"GELATINOUS SEASNAIL","Greenland halibut",1.579,1,"31-35","other","other"
999,81,"UNIDENTIFIED FISH","Greenland halibut",14.436,NA,"31-35","other","other"
436,88,"GADOIDS","Greenland halibut",0,NA,"31-35","other","other"
451,88,"ARCTIC COD","Greenland halibut",21.679,1,"36-40","other","other"
999,81,"UNIDENTIFIED FISH","Greenland halibut",3.462,NA,"36-40","other","other"
6930,81,"AMPHIPOD","Skate",0.231,NA,"16-20","other","other"
4950,81,"POLYCHAETE","Skate",0.056,NA,"16-20","other","other"
9980,NA,"UNIDENTIFIED MATERIAL","Skate",0.41,NA,"16-20","Unidentified material","other"
6930,81,"AMPHIPOD","Skate",1.252,NA,"16-20","other","other"
9980,NA,"UNIDENTIFIED MATERIAL","Skate",0.098,NA,"16-20","Unidentified material","other"
999,81,"UNIDENTIFIED FISH","Skate",2.889,NA,"21-25","other","other"
6930,81,"AMPHIPOD","Skate",0.728,NA,"21-25","other","other"
6000,81,"CRUSTACEAN","Skate",0.654,NA,"21-25","other","other"
4950,81,"POLYCHAETE","Skate",0.09,NA,"21-25","other","other"
9980,NA,"UNIDENTIFIED MATERIAL","Skate",2.089,NA,"21-25","Unidentified material","other"
6930,81,"AMPHIPOD","Skate",0.3,NA,"21-25","other","other"
6000,81,"CRUSTACEAN","Skate",0.947,NA,"21-25","other","other"
4950,81,"POLYCHAETE","Skate",0.1,NA,"21-25","other","other"
9980,NA,"UNIDENTIFIED MATERIAL","Skate",0.506,NA,"21-25","Unidentified material","other"
8019,81,"DECAPOD","Skate",0.432,NA,"21-25","other","other"
6930,81,"AMPHIPOD","Skate",0.288,NA,"21-25","other","other"
6000,81,"CRUSTACEAN","Skate",0.037,NA,"26-30","other","other"
4950,81,"POLYCHAETE","Skate",2.035,NA,"26-30","other","other"
8111,NA,"SHRIMP","Skate",8.186,1,"41-45","borealis","Shrimp"
6000,81,"CRUSTACEAN","Skate",0.059,NA,"41-45","other","other"
9980,NA,"UNIDENTIFIED MATERIAL","Skate",1.795,NA,"41-45","Unidentified material","other"
9980,NA,"UNIDENTIFIED MATERIAL","Skate",1,NA,"46-50","Unidentified material","other"
9980,NA,"UNIDENTIFIED MATERIAL","Redfish",0.024,NA,"16-20","Unidentified material","other"
8112,81,"SHRIMP","Skate",3.38,NA,"21-25","montagui","Shrimp"
6000,81,"CRUSTACEAN","Skate",0.083,NA,"16-20","other","other"
6083,NA,"COPEPOD","Skate",0.001,1,"16-20","other","other"
9980,NA,"UNIDENTIFIED MATERIAL","Skate",0.216,NA,"16-20","Unidentified material","other"
451,88,"ARCTIC COD","Skate",15.512,1,"21-25","other","other"
8110,81,"SHRIMP","Skate",9.161,NA,"21-25","Pandalus","Shrimp"
4950,81,"POLYCHAETE","Skate",0.227,NA,"21-25","other","other"
6000,81,"CRUSTACEAN","Skate",0.025,NA,"21-25","other","other"
9980,NA,"UNIDENTIFIED MATERIAL","Skate",0.297,NA,"21-25","Unidentified material","other"
6930,81,"AMPHIPOD","Skate",0.089,NA,"26-30","other","other"
8111,NA,"SHRIMP","Skate",7.427,1,"41-45","borealis","Shrimp"
8110,81,"SHRIMP","Skate",14.133,NA,"41-45","Pandalus","Shrimp"
810,88,"HOOKEAR SCULPIN","Skate",39.998,1,"46-50","other","other"
8020,81,"SHRIMP/SHRIMP SAMPLE","Skate",6.5,NA,"46-50","other","other"
9998,NA,"EMPTY","Skate",NA,NA,"46-50","other","other"
999,81,"UNIDENTIFIED FISH","Skate",0.172,NA,"21-25","other","other"
999,88,"UNIDENTIFIED FISH","Skate",0,NA,"21-25","other","other"
6930,81,"AMPHIPOD","Skate",0.212,NA,"21-25","other","other"
8081,NA,"SHRIMP","Skate",2.236,1,"21-25","other","other"
8020,NA,"SHRIMP/SHRIMP SAMPLE","Skate",4.363,1,"21-25","other","other"
9980,NA,"UNIDENTIFIED MATERIAL","Skate",2.905,NA,"21-25","Unidentified material","other"
8081,NA,"SHRIMP","Skate",3.584,1,"26-30","other","other"
8020,81,"SHRIMP/SHRIMP SAMPLE","Skate",1.703,NA,"26-30","other","other"
8081,NA,"SHRIMP","Skate",8.572,2,"26-30","other","other"
8020,81,"SHRIMP/SHRIMP SAMPLE","Skate",0.882,NA,"26-30","other","other"
4950,81,"POLYCHAETE","Skate",0.295,NA,"26-30","other","other"
6000,81,"CRUSTACEAN","Skate",0.08,NA,"26-30","other","other"
9980,NA,"UNIDENTIFIED MATERIAL","Skate",1.445,NA,"26-30","Unidentified material","other"
9998,NA,"EMPTY","Skate",NA,NA,"26-30","other","other"
8020,81,"SHRIMP/SHRIMP SAMPLE","Skate",8.45,NA,"31-35","other","other"
6930,81,"AMPHIPOD","Skate",0.24,NA,"21-25","other","other"
8020,NA,"SHRIMP/SHRIMP SAMPLE","Skate",4.424,1,"21-25","other","other"
8081,NA,"SHRIMP","Skate",3.84,1,"41-45","other","other"
8081,81,"SHRIMP","Skate",7.222,NA,"41-45","other","other"
8020,81,"SHRIMP/SHRIMP SAMPLE","Skate",6.026,NA,"41-45","other","other"
8020,NA,"SHRIMP/SHRIMP SAMPLE","Skate",3.036,2,"41-45","other","other"
8081,NA,"SHRIMP","Skate",9.602,2,"46-50","other","other"
8081,NA,"SHRIMP","Skate",6.509,2,"46-50","other","other"
8020,81,"SHRIMP/SHRIMP SAMPLE","Skate",9.734,NA,"46-50","other","other"
8020,81,"SHRIMP/SHRIMP SAMPLE","Skate",9.6,NA,"46-50","other","other"
4545,81,"CEPHALOPOD","Skate",0.222,NA,"51-55","other","other"
4950,81,"POLYCHAETE","Skate",0.732,NA,"51-55","other","other"
8203,81,"CRAB","Skate",23.026,NA,"51-55","other","other"
8020,81,"SHRIMP/SHRIMP SAMPLE","Skate",3.128,NA,"46-50","other","other"
